time,heartrate,watts,temperature,interval
0,90,171,kald,0
1,88,177,kald,0
2,88,117,kald,0
3,92,180,kald,0
4,89,158,kald,0
5,93,160,kald,0
6,95,162,kald,0
7,95,161,kald,0
8,95,165,kald,0
9,95,163,kald,0
10,96,161,kald,0
11,95,163,kald,0
12,95,163,kald,0
13,94,162,kald,0
14,94,159,kald,0
15,98,152,kald,0
16,101,155,kald,0
17,102,157,kald,0
18,104,158,kald,0
19,108,113,kald,0
20,107,142,kald,0
21,107,144,kald,0
22,106,144,kald,0
23,105,152,kald,0
24,102,166,kald,0
25,101,165,kald,0
26,104,157,kald,0
27,107,152,kald,0
28,108,152,kald,0
29,109,156,kald,0
30,111,130,kald,0
31,111,137,kald,0
32,111,145,kald,0
33,111,138,kald,0
34,111,145,kald,0
35,109,145,kald,0
36,108,145,kald,0
37,108,141,kald,0
38,108,147,kald,0
39,108,145,kald,0
40,103,145,kald,0
41,102,146,kald,0
42,102,145,kald,0
43,105,146,kald,0
44,110,147,kald,0
45,111,144,kald,0
46,113,145,kald,0
47,109,145,kald,0
48,109,144,kald,0
49,107,147,kald,0
50,110,145,kald,0
51,110,141,kald,0
52,112,140,kald,0
53,114,146,kald,0
54,115,143,kald,0
55,116,144,kald,0
56,115,145,kald,0
57,115,145,kald,0
58,115,148,kald,0
59,114,145,kald,0
60,115,147,kald,0
61,116,145,kald,0
62,118,141,kald,0
63,120,145,kald,0
64,120,145,kald,0
65,120,146,kald,0
66,119,145,kald,0
67,119,145,kald,0
68,119,138,kald,0
69,119,145,kald,0
70,115,146,kald,0
71,115,146,kald,0
72,114,146,kald,0
73,111,144,kald,0
74,112,146,kald,0
75,111,145,kald,0
76,109,146,kald,0
77,110,145,kald,0
78,110,145,kald,0
79,108,145,kald,0
80,110,143,kald,0
81,109,144,kald,0
82,109,146,kald,0
83,112,146,kald,0
84,112,146,kald,0
85,111,145,kald,0
86,112,145,kald,0
87,111,145,kald,0
88,108,141,kald,0
89,108,145,kald,0
90,107,146,kald,0
91,108,146,kald,0
92,107,146,kald,0
93,109,145,kald,0
94,110,144,kald,0
95,108,145,kald,0
96,108,144,kald,0
97,109,138,kald,0
98,109,144,kald,0
99,108,145,kald,0
100,108,144,kald,0
101,108,144,kald,0
102,108,145,kald,0
103,112,146,kald,0
104,113,146,kald,0
105,112,145,kald,0
106,113,146,kald,0
107,112,146,kald,0
108,112,144,kald,0
109,114,144,kald,0
110,113,146,kald,0
111,112,144,kald,0
112,113,141,kald,0
113,112,145,kald,0
114,111,144,kald,0
115,110,144,kald,0
116,110,121,kald,0
117,110,0,kald,0
118,111,0,kald,0
119,109,10,kald,0
120,109,44,kald,0
121,108,190,kald,0
122,110,156,kald,0
123,110,155,kald,0
124,110,145,kald,0
125,112,147,kald,0
126,112,149,kald,0
127,113,152,kald,0
128,112,146,kald,0
129,112,145,kald,0
130,113,146,kald,0
131,110,146,kald,0
132,111,146,kald,0
133,111,144,kald,0
134,110,146,kald,0
135,111,143,kald,0
136,112,144,kald,0
137,112,146,kald,0
138,115,146,kald,0
139,114,146,kald,0
140,111,145,kald,0
141,111,146,kald,0
142,110,143,kald,0
143,108,145,kald,0
144,109,145,kald,0
145,109,142,kald,0
146,110,144,kald,0
147,113,142,kald,0
148,110,145,kald,0
149,110,145,kald,0
150,108,145,kald,0
151,109,145,kald,0
152,109,146,kald,0
153,112,141,kald,0
154,114,147,kald,0
155,114,145,kald,0
156,113,154,kald,0
157,113,151,kald,0
158,115,146,kald,0
159,116,143,kald,0
160,117,146,kald,0
161,115,145,kald,0
162,113,145,kald,0
163,112,145,kald,0
164,110,145,kald,0
165,110,145,kald,0
166,112,145,kald,0
167,112,146,kald,0
168,111,148,kald,0
169,112,145,kald,0
170,112,145,kald,0
171,111,148,kald,0
172,111,148,kald,0
173,112,148,kald,0
174,114,152,kald,0
175,115,153,kald,0
176,117,143,kald,0
177,117,145,kald,0
178,119,145,kald,0
179,119,145,kald,0
180,117,147,kald,0
181,117,145,kald,0
182,117,146,kald,0
183,116,145,kald,0
184,115,145,kald,0
185,114,148,kald,0
186,114,147,kald,0
187,114,144,kald,0
188,114,147,kald,0
189,115,146,kald,0
190,116,141,kald,0
191,115,144,kald,0
192,114,146,kald,0
193,115,146,kald,0
194,115,145,kald,0
195,113,146,kald,0
196,114,145,kald,0
197,113,144,kald,0
198,113,145,kald,0
199,113,144,kald,0
200,115,146,kald,0
201,115,146,kald,0
202,116,146,kald,0
203,118,146,kald,0
204,118,143,kald,0
205,118,143,kald,0
206,117,144,kald,0
207,116,141,kald,0
208,117,138,kald,0
209,116,128,kald,0
210,117,147,kald,0
211,117,146,kald,0
212,119,147,kald,0
213,117,145,kald,0
214,118,146,kald,0
215,118,145,kald,0
216,117,147,kald,0
217,118,145,kald,0
218,118,146,kald,0
219,117,147,kald,0
220,117,151,kald,0
221,117,151,kald,0
222,119,149,kald,0
223,118,142,kald,0
224,119,138,kald,0
225,119,146,kald,0
226,120,145,kald,0
227,120,141,kald,0
228,120,144,kald,0
229,119,150,kald,0
230,120,147,kald,0
231,119,145,kald,0
232,120,145,kald,0
233,118,145,kald,0
234,118,144,kald,0
235,117,146,kald,0
236,117,146,kald,0
237,116,146,kald,0
238,117,145,kald,0
239,116,145,kald,0
240,115,147,kald,0
241,116,145,kald,0
242,117,146,kald,0
243,115,147,kald,0
244,117,144,kald,0
245,116,145,kald,0
246,116,148,kald,0
247,116,144,kald,0
248,118,145,kald,0
249,120,145,kald,0
250,119,145,kald,0
251,117,146,kald,0
252,115,146,kald,0
253,117,145,kald,0
254,117,144,kald,0
255,117,146,kald,0
256,115,145,kald,0
257,117,144,kald,0
258,116,144,kald,0
259,118,145,kald,0
260,118,145,kald,0
261,118,146,kald,0
262,120,140,kald,0
263,120,144,kald,0
264,118,147,kald,0
265,118,147,kald,0
266,117,144,kald,0
267,117,144,kald,0
268,117,145,kald,0
269,117,145,kald,0
270,119,144,kald,0
271,119,145,kald,0
272,119,146,kald,0
273,119,145,kald,0
274,118,146,kald,0
275,118,145,kald,0
276,117,150,kald,0
277,117,145,kald,0
278,117,146,kald,0
279,117,148,kald,0
280,119,149,kald,0
281,120,150,kald,0
282,121,152,kald,0
283,121,153,kald,0
284,120,152,kald,0
285,119,151,kald,0
286,118,154,kald,0
287,118,150,kald,0
288,118,153,kald,0
289,118,144,kald,0
290,118,147,kald,0
291,118,145,kald,0
292,116,147,kald,0
293,117,141,kald,0
294,118,147,kald,0
295,119,145,kald,0
296,119,152,kald,0
297,119,148,kald,0
298,117,152,kald,0
299,117,151,kald,0
300,119,151,kald,0
301,120,151,kald,0
302,121,147,kald,0
303,121,148,kald,0
304,121,136,kald,0
305,120,144,kald,0
306,120,145,kald,0
307,120,147,kald,0
308,120,148,kald,0
309,121,145,kald,0
310,121,145,kald,0
311,121,145,kald,0
312,122,145,kald,0
313,122,152,kald,0
314,122,154,kald,0
315,122,153,kald,0
316,121,152,kald,0
317,122,148,kald,0
318,121,147,kald,0
319,122,148,kald,0
320,122,151,kald,0
321,123,150,kald,0
322,122,147,kald,0
323,122,151,kald,0
324,119,148,kald,0
325,120,147,kald,0
326,119,148,kald,0
327,119,149,kald,0
328,119,149,kald,0
329,120,148,kald,0
330,122,150,kald,0
331,123,145,kald,0
332,122,146,kald,0
333,123,142,kald,0
334,123,147,kald,0
335,122,148,kald,0
336,120,148,kald,0
337,120,149,kald,0
338,120,150,kald,0
339,122,148,kald,0
340,124,150,kald,0
341,125,149,kald,0
342,125,148,kald,0
343,126,148,kald,0
344,126,148,kald,0
345,127,148,kald,0
346,130,149,kald,0
347,131,147,kald,0
348,131,144,kald,0
349,130,148,kald,0
350,129,155,kald,0
351,129,151,kald,0
352,129,126,kald,0
353,129,145,kald,0
354,128,145,kald,0
355,127,146,kald,0
356,126,145,kald,0
357,125,146,kald,0
358,124,145,kald,0
359,123,144,kald,0
360,121,146,kald,0
361,122,140,kald,0
362,122,147,kald,0
363,122,148,kald,0
364,124,145,kald,0
365,125,148,kald,0
366,125,148,kald,0
367,125,145,kald,0
368,126,141,kald,0
369,127,145,kald,0
370,127,145,kald,0
371,126,145,kald,0
372,126,146,kald,0
373,126,145,kald,0
374,124,146,kald,0
375,124,145,kald,0
376,122,148,kald,0
377,123,141,kald,0
378,121,145,kald,0
379,123,146,kald,0
380,123,146,kald,0
381,124,142,kald,0
382,124,146,kald,0
383,123,141,kald,0
384,121,144,kald,0
385,123,144,kald,0
386,122,146,kald,0
387,124,146,kald,0
388,125,145,kald,0
389,123,145,kald,0
390,122,144,kald,0
391,123,144,kald,0
392,124,143,kald,0
393,125,139,kald,0
394,125,152,kald,0
395,127,139,kald,0
396,128,147,kald,0
397,128,149,kald,0
398,128,146,kald,0
399,128,147,kald,0
400,127,146,kald,0
401,127,147,kald,0
402,127,146,kald,0
403,128,140,kald,0
404,127,146,kald,0
405,126,146,kald,0
406,126,144,kald,0
407,125,139,kald,0
408,124,144,kald,0
409,124,144,kald,0
410,124,147,kald,0
411,122,141,kald,0
412,122,146,kald,0
413,121,144,kald,0
414,118,145,kald,0
415,120,144,kald,0
416,120,145,kald,0
417,120,122,kald,0
418,118,138,kald,0
419,117,144,kald,0
420,116,145,kald,0
421,116,145,kald,0
422,116,145,kald,0
423,116,149,kald,0
424,118,149,kald,0
425,120,145,kald,0
426,121,145,kald,0
427,123,145,kald,0
428,125,147,kald,0
429,125,147,kald,0
430,129,146,kald,0
431,132,145,kald,0
432,130,144,kald,0
433,126,151,kald,0
434,124,145,kald,0
435,126,141,kald,0
436,127,145,kald,0
437,126,145,kald,0
438,127,140,kald,0
439,127,145,kald,0
440,127,144,kald,0
441,122,146,kald,0
442,122,144,kald,0
443,125,141,kald,0
444,123,145,kald,0
445,123,144,kald,0
446,121,145,kald,0
447,118,144,kald,0
448,118,141,kald,0
449,117,145,kald,0
450,117,148,kald,0
451,116,145,kald,0
452,117,145,kald,0
453,117,143,kald,0
454,117,145,kald,0
455,116,147,kald,0
456,113,144,kald,0
457,113,146,kald,0
458,114,140,kald,0
459,116,141,kald,0
460,117,144,kald,0
461,118,150,kald,0
462,119,146,kald,0
463,120,145,kald,0
464,121,145,kald,0
465,121,146,kald,0
466,122,146,kald,0
467,120,147,kald,0
468,120,144,kald,0
469,119,140,kald,0
470,120,146,kald,0
471,119,141,kald,0
472,118,145,kald,0
473,120,147,kald,0
474,119,145,kald,0
475,119,146,kald,0
476,119,145,kald,0
477,123,145,kald,0
478,123,145,kald,0
479,122,146,kald,0
480,121,146,kald,0
481,119,144,kald,0
482,118,146,kald,0
483,117,145,kald,0
484,117,145,kald,0
485,117,144,kald,0
486,120,144,kald,0
487,121,140,kald,0
488,121,146,kald,0
489,121,144,kald,0
490,122,143,kald,0
491,122,152,kald,0
492,124,149,kald,0
493,124,144,kald,0
494,124,139,kald,0
495,125,141,kald,0
496,122,145,kald,0
497,121,145,kald,0
498,121,144,kald,0
499,122,140,kald,0
500,121,145,kald,0
501,120,145,kald,0
502,119,146,kald,0
503,121,145,kald,0
504,122,148,kald,0
505,123,145,kald,0
506,122,146,kald,0
507,121,146,kald,0
508,119,146,kald,0
509,117,145,kald,0
510,117,144,kald,0
511,117,144,kald,0
512,116,151,kald,0
513,116,148,kald,0
514,115,147,kald,0
515,115,147,kald,0
516,116,148,kald,0
517,116,148,kald,0
518,115,142,kald,0
519,114,146,kald,0
520,113,145,kald,0
521,111,147,kald,0
522,113,145,kald,0
523,116,145,kald,0
524,115,146,kald,0
525,116,146,kald,0
526,115,138,kald,0
527,115,144,kald,0
528,116,146,kald,0
529,115,149,kald,0
530,116,146,kald,0
531,117,146,kald,0
532,117,146,kald,0
533,117,147,kald,0
534,118,145,kald,0
535,119,146,kald,0
536,120,144,kald,0
537,122,145,kald,0
538,121,145,kald,0
539,119,147,kald,0
540,119,141,kald,0
541,119,146,kald,0
542,120,142,kald,0
543,123,145,kald,0
544,124,146,kald,0
545,126,145,kald,0
546,126,144,kald,0
547,126,145,kald,0
548,126,146,kald,0
549,126,145,kald,0
550,127,147,kald,0
551,126,142,kald,0
552,126,145,kald,0
553,126,144,kald,0
554,126,146,kald,0
555,126,146,kald,0
556,126,144,kald,0
557,128,146,kald,0
558,127,144,kald,0
559,127,145,kald,0
560,126,146,kald,0
561,123,144,kald,0
562,122,146,kald,0
563,124,145,kald,0
564,126,145,kald,0
565,128,146,kald,0
566,129,146,kald,0
567,128,145,kald,0
568,126,139,kald,0
569,126,145,kald,0
570,120,144,kald,0
571,120,145,kald,0
572,120,141,kald,0
573,121,145,kald,0
574,122,141,kald,0
575,122,145,kald,0
576,124,143,kald,0
577,122,147,kald,0
578,124,146,kald,0
579,124,145,kald,0
580,127,146,kald,0
581,128,144,kald,0
582,128,145,kald,0
583,128,144,kald,0
584,128,144,kald,0
585,128,146,kald,0
586,129,145,kald,0
587,129,146,kald,0
588,128,145,kald,0
589,126,147,kald,0
590,126,145,kald,0
591,126,145,kald,0
592,126,146,kald,0
593,126,141,kald,0
594,128,144,kald,0
595,128,147,kald,0
596,128,147,kald,0
597,127,146,kald,0
598,126,146,kald,0
599,125,145,kald,0
600,125,147,kald,0
601,125,146,kald,0
602,127,147,kald,0
603,130,145,kald,0
604,130,128,kald,0
605,131,16,kald,0
606,131,25,kald,0
607,131,0,kald,0
608,131,0,kald,0
609,131,0,kald,0
610,132,0,kald,0
611,132,0,kald,0
612,133,0,kald,0
613,132,0,kald,0
614,131,0,kald,0
615,128,0,kald,0
616,126,0,kald,0
617,123,0,kald,0
618,124,0,kald,0
619,124,0,kald,0
620,124,0,kald,0
621,123,0,kald,0
622,122,0,kald,0
623,120,0,kald,0
624,119,0,kald,0
625,117,0,kald,0
626,113,0,kald,0
627,112,0,kald,0
628,111,0,kald,0
629,110,0,kald,0
630,113,0,kald,0
631,114,0,kald,0
632,114,0,kald,0
633,114,95,kald,0
634,114,151,kald,0
635,117,122,kald,0
636,117,132,kald,0
637,119,132,kald,0
638,118,131,kald,0
639,118,132,kald,0
640,118,132,kald,0
641,118,136,kald,0
642,118,132,kald,0
643,119,132,kald,0
644,120,130,kald,0
645,121,130,kald,0
646,121,130,kald,0
647,120,139,kald,0
648,118,17,kald,0
649,119,0,kald,0
650,119,0,kald,0
651,118,0,kald,0
652,117,9,kald,0
653,117,0,kald,0
654,118,0,kald,0
655,119,0,kald,0
656,119,0,kald,0
657,119,0,kald,0
658,119,0,kald,0
659,120,0,kald,0
749,107,64,kald,0
750,109,56,kald,0
751,110,65,kald,0
752,111,88,kald,0
753,108,102,kald,0
754,108,140,kald,0
755,104,131,kald,0
756,103,141,kald,0
757,104,140,kald,0
758,105,136,kald,0
759,110,145,kald,0
760,114,144,kald,0
761,115,140,kald,0
762,117,143,kald,0
763,120,145,kald,0
764,121,144,kald,0
765,123,145,kald,0
766,126,143,kald,0
767,126,144,kald,0
768,126,144,kald,0
769,126,140,kald,0
770,126,141,kald,0
771,126,151,kald,0
772,128,147,kald,0
773,129,148,kald,0
774,130,142,kald,0
775,132,132,kald,0
776,132,143,kald,0
777,133,138,kald,0
778,136,135,kald,0
779,136,132,kald,0
780,135,138,kald,0
781,136,139,kald,0
782,135,130,kald,0
783,137,135,kald,0
784,138,135,kald,0
785,137,134,kald,0
786,137,134,kald,0
787,136,136,kald,0
788,134,136,kald,0
789,134,138,kald,0
790,134,138,kald,0
791,134,140,kald,0
792,134,139,kald,0
793,134,134,kald,0
794,135,134,kald,0
795,134,133,kald,0
796,134,136,kald,0
797,133,141,kald,0
798,133,139,kald,0
799,130,136,kald,0
800,130,131,kald,0
801,129,141,kald,0
802,129,139,kald,0
803,129,140,kald,0
804,130,136,kald,NA
805,132,136,kald,1
806,132,134,kald,1
807,131,139,kald,1
808,131,139,kald,1
809,129,135,kald,1
810,129,132,kald,1
811,128,133,kald,1
812,127,152,kald,1
813,126,138,kald,1
814,127,142,kald,1
815,127,134,kald,1
816,127,136,kald,1
817,127,135,kald,1
818,128,134,kald,1
819,129,136,kald,1
820,130,136,kald,1
821,132,132,kald,1
822,132,134,kald,1
823,132,134,kald,1
824,132,134,kald,1
825,132,187,kald,1
826,132,233,kald,1
827,135,193,kald,1
828,138,208,kald,1
829,138,211,kald,1
830,139,219,kald,1
831,139,216,kald,1
832,138,209,kald,1
833,138,214,kald,1
834,138,215,kald,1
835,138,211,kald,1
836,138,215,kald,1
837,138,215,kald,1
838,138,218,kald,1
839,138,215,kald,1
840,139,215,kald,1
841,139,216,kald,1
842,139,215,kald,1
843,138,215,kald,1
844,139,215,kald,1
845,138,212,kald,1
846,139,219,kald,1
847,139,216,kald,1
848,139,219,kald,1
849,140,216,kald,1
850,139,210,kald,1
851,138,214,kald,1
852,138,218,kald,1
853,139,210,kald,1
854,139,211,kald,1
855,139,211,kald,1
856,139,214,kald,1
857,140,218,kald,1
858,140,218,kald,1
859,140,215,kald,1
860,140,211,kald,1
861,142,215,kald,1
862,142,217,kald,1
863,142,215,kald,1
864,142,215,kald,1
865,142,215,kald,1
866,143,214,kald,1
867,142,214,kald,1
868,142,218,kald,1
869,145,215,kald,1
870,146,215,kald,1
871,146,216,kald,1
872,145,214,kald,1
873,144,215,kald,1
874,144,215,kald,1
875,144,215,kald,1
876,142,214,kald,1
877,143,214,kald,1
878,143,214,kald,1
879,143,215,kald,1
880,144,214,kald,1
881,143,215,kald,1
882,143,215,kald,1
883,143,218,kald,1
884,144,215,kald,1
885,143,215,kald,1
886,144,214,kald,1
887,144,216,kald,1
888,145,218,kald,1
889,145,215,kald,1
890,146,212,kald,1
891,146,216,kald,1
892,147,215,kald,1
893,147,219,kald,1
894,147,217,kald,1
895,146,220,kald,1
896,147,209,kald,1
897,148,214,kald,1
898,148,214,kald,1
899,149,211,kald,1
900,149,213,kald,1
901,149,213,kald,1
902,150,211,kald,1
903,150,214,kald,1
904,150,215,kald,1
905,148,214,kald,1
906,150,214,kald,1
907,150,215,kald,1
908,150,216,kald,1
909,149,214,kald,1
910,150,214,kald,1
911,149,215,kald,1
912,150,214,kald,1
913,150,214,kald,1
914,151,218,kald,1
915,150,215,kald,1
916,151,217,kald,1
917,150,215,kald,1
918,152,208,kald,1
919,151,217,kald,1
920,152,213,kald,1
921,152,215,kald,1
922,153,213,kald,1
923,152,213,kald,1
924,152,215,kald,1
925,152,215,kald,1
926,151,215,kald,1
927,151,216,kald,1
928,151,215,kald,1
929,151,218,kald,1
930,151,214,kald,1
931,152,214,kald,1
932,152,216,kald,1
933,153,214,kald,1
934,152,214,kald,1
935,152,215,kald,1
936,153,214,kald,1
937,153,213,kald,1
938,153,215,kald,1
939,153,215,kald,1
940,153,217,kald,1
941,152,216,kald,1
942,152,211,kald,1
943,154,215,kald,1
944,155,216,kald,1
945,156,216,kald,1
946,157,214,kald,1
947,158,211,kald,1
948,159,208,kald,1
949,159,215,kald,1
950,159,215,kald,1
951,160,215,kald,1
952,159,215,kald,1
953,160,213,kald,1
954,160,216,kald,1
955,160,216,kald,1
956,159,217,kald,1
957,158,214,kald,1
958,159,213,kald,1
959,159,218,kald,1
960,158,213,kald,1
961,158,214,kald,1
962,159,215,kald,1
963,159,218,kald,1
964,158,216,kald,1
965,158,215,kald,1
966,158,217,kald,1
967,158,214,kald,1
968,157,220,kald,1
969,156,211,kald,1
970,157,210,kald,1
971,157,216,kald,1
972,156,214,kald,1
973,156,215,kald,1
974,155,209,kald,1
975,155,214,kald,1
976,155,216,kald,1
977,155,213,kald,1
978,154,214,kald,1
979,154,215,kald,1
980,156,211,kald,1
981,158,215,kald,1
982,158,216,kald,1
983,159,214,kald,1
984,159,216,kald,1
985,159,216,kald,1
986,159,213,kald,1
987,159,220,kald,1
988,159,217,kald,1
989,159,216,kald,1
990,159,215,kald,1
991,159,218,kald,1
992,158,214,kald,1
993,158,215,kald,1
994,159,214,kald,1
995,158,214,kald,1
996,159,211,kald,1
997,159,216,kald,1
998,159,215,kald,1
999,159,217,kald,1
1000,159,217,kald,1
1001,159,210,kald,1
1002,159,215,kald,1
1003,158,214,kald,1
1004,158,214,kald,1
1005,158,217,kald,1
1006,158,220,kald,1
1007,158,213,kald,1
1008,159,215,kald,1
1009,159,218,kald,1
1010,159,217,kald,1
1011,160,216,kald,1
1012,160,214,kald,1
1013,161,215,kald,1
1014,161,214,kald,1
1015,161,216,kald,1
1016,161,218,kald,1
1017,161,218,kald,1
1018,161,212,kald,1
1019,161,214,kald,1
1020,160,215,kald,1
1021,160,214,kald,1
1022,160,211,kald,1
1023,160,216,kald,1
1024,160,218,kald,1
1025,160,213,kald,1
1026,159,211,kald,1
1027,159,216,kald,1
1028,160,218,kald,1
1029,160,215,kald,1
1030,161,215,kald,1
1031,161,215,kald,1
1032,161,216,kald,1
1033,161,216,kald,1
1034,162,215,kald,1
1035,161,215,kald,1
1036,162,215,kald,1
1037,162,214,kald,1
1038,163,217,kald,1
1039,163,214,kald,1
1040,163,215,kald,1
1041,162,214,kald,1
1042,163,215,kald,1
1043,163,215,kald,1
1044,163,216,kald,1
1045,163,220,kald,1
1046,163,214,kald,1
1047,163,216,kald,1
1048,163,215,kald,1
1049,163,215,kald,1
1050,164,214,kald,1
1051,163,216,kald,1
1052,162,214,kald,1
1053,161,216,kald,1
1054,161,215,kald,1
1055,160,216,kald,1
1056,159,215,kald,1
1057,160,215,kald,1
1058,160,215,kald,1
1059,160,212,kald,1
1060,160,220,kald,1
1061,160,215,kald,1
1062,161,211,kald,1
1063,161,214,kald,1
1064,161,214,kald,1
1065,162,214,kald,1
1066,163,215,kald,1
1067,163,215,kald,1
1068,164,212,kald,1
1069,164,215,kald,1
1070,164,216,kald,1
1071,163,212,kald,1
1072,163,214,kald,1
1073,162,215,kald,1
1074,163,215,kald,1
1075,163,215,kald,1
1076,163,215,kald,1
1077,163,218,kald,1
1078,163,214,kald,1
1079,163,214,kald,1
1080,162,218,kald,1
1081,161,218,kald,1
1082,161,216,kald,1
1083,161,217,kald,1
1084,161,215,kald,1
1085,161,215,kald,1
1086,161,213,kald,1
1087,162,214,kald,1
1088,162,215,kald,1
1089,162,217,kald,1
1090,163,214,kald,1
1091,163,217,kald,1
1092,163,214,kald,1
1093,163,214,kald,1
1094,163,215,kald,1
1095,163,214,kald,1
1096,163,214,kald,1
1097,162,214,kald,1
1098,162,214,kald,1
1099,162,216,kald,1
1100,163,216,kald,1
1101,163,210,kald,1
1102,164,212,kald,1
1103,164,213,kald,1
1104,165,210,kald,NA
1105,165,216,kald,NA
1106,165,208,kald,NA
1107,166,214,kald,NA
1108,165,216,kald,NA
1109,165,214,kald,NA
1110,165,210,kald,NA
1111,165,215,kald,NA
1112,165,211,kald,NA
1113,166,214,kald,NA
1114,166,217,kald,NA
1115,166,215,kald,NA
1116,166,215,kald,NA
1117,166,215,kald,NA
1118,165,216,kald,NA
1119,165,215,kald,NA
1120,165,212,kald,NA
1121,165,215,kald,NA
1122,165,214,kald,NA
1123,165,215,kald,NA
1124,165,217,kald,NA
1125,165,216,kald,NA
1126,165,215,kald,NA
1127,165,216,kald,NA
1128,165,221,kald,NA
1129,165,66,kald,NA
1130,166,42,kald,NA
1131,166,19,kald,NA
1132,166,13,kald,NA
1133,167,0,kald,NA
1134,167,0,kald,NA
1135,167,0,kald,NA
1136,167,0,kald,NA
1152,153,24,kald,NA
1153,152,126,kald,NA
1154,152,121,kald,NA
1155,153,102,kald,NA
1156,153,112,kald,NA
1157,153,110,kald,NA
1158,151,113,kald,NA
1159,151,120,kald,NA
1160,150,121,kald,NA
1161,151,107,kald,NA
1162,151,111,kald,NA
1163,152,114,kald,NA
1164,152,115,kald,NA
1165,152,113,kald,NA
1166,152,105,kald,NA
1167,151,130,kald,NA
1168,151,117,kald,NA
1169,152,112,kald,NA
1170,153,114,kald,NA
1171,152,116,kald,NA
1172,151,116,kald,NA
1173,149,114,kald,NA
1174,148,113,kald,NA
1175,148,114,kald,NA
1176,146,113,kald,NA
1177,145,112,kald,NA
1178,144,112,kald,NA
1179,143,115,kald,NA
1180,142,116,kald,NA
1181,143,114,kald,NA
1182,145,110,kald,NA
1183,146,109,kald,NA
1184,146,108,kald,NA
1185,142,102,kald,NA
1186,139,110,kald,NA
1187,138,72,kald,NA
1188,137,80,kald,NA
1189,137,173,kald,NA
1190,137,127,kald,NA
1191,139,129,kald,NA
1192,139,117,kald,NA
1193,139,125,kald,NA
1194,139,129,kald,NA
1195,140,133,kald,NA
1196,139,135,kald,NA
1197,137,140,kald,NA
1198,136,141,kald,NA
1199,135,137,kald,NA
1200,135,135,kald,NA
1201,136,133,kald,NA
1202,137,132,kald,NA
1203,137,124,kald,NA
1204,137,130,kald,NA
1205,137,130,kald,NA
1206,137,131,kald,NA
1207,137,131,kald,NA
1208,137,132,kald,NA
1209,137,127,kald,NA
1210,138,127,kald,NA
1211,139,118,kald,NA
1212,142,114,kald,NA
1213,145,109,kald,NA
1214,147,115,kald,NA
1215,147,106,kald,NA
1216,146,111,kald,NA
1217,145,116,kald,NA
1218,144,124,kald,NA
1219,142,128,kald,NA
1220,142,137,kald,NA
1221,142,137,kald,NA
1222,142,136,kald,NA
1223,141,132,kald,NA
1224,141,134,kald,NA
1225,140,135,kald,NA
1226,140,135,kald,NA
1227,139,138,kald,NA
1228,139,136,kald,NA
1229,138,134,kald,NA
1230,139,134,kald,NA
1231,138,132,kald,NA
1232,137,134,kald,NA
1233,137,136,kald,NA
1234,137,135,kald,NA
1235,137,133,kald,NA
1236,137,135,kald,NA
1237,137,135,kald,NA
1238,139,135,kald,NA
1239,140,136,kald,NA
1240,142,137,kald,NA
1241,140,135,kald,NA
1242,139,137,kald,NA
1243,136,135,kald,NA
1244,135,133,kald,NA
1245,135,130,kald,NA
1246,135,130,kald,NA
1247,135,132,kald,NA
1248,135,134,kald,NA
1249,135,135,kald,NA
1250,134,127,kald,NA
1251,132,128,kald,NA
1252,132,133,kald,NA
1253,133,128,kald,NA
1254,134,127,kald,NA
1255,134,129,kald,NA
1256,134,131,kald,NA
1257,134,131,kald,NA
1258,134,130,kald,NA
1259,134,126,kald,NA
1260,134,127,kald,NA
1261,134,128,kald,NA
1262,135,140,kald,NA
1263,135,255,kald,NA
1264,136,241,kald,NA
1265,137,214,kald,NA
1266,137,223,kald,NA
1267,138,226,kald,2
1268,139,213,kald,2
1269,141,214,kald,2
1270,141,207,kald,2
1271,142,214,kald,2
1272,143,214,kald,2
1273,143,218,kald,2
1274,143,214,kald,2
1275,142,215,kald,2
1276,142,211,kald,2
1277,142,219,kald,2
1278,142,211,kald,2
1279,141,218,kald,2
1280,142,215,kald,2
1281,142,211,kald,2
1282,143,216,kald,2
1283,142,215,kald,2
1284,144,213,kald,2
1285,145,214,kald,2
1286,145,214,kald,2
1287,147,219,kald,2
1288,147,210,kald,2
1289,147,219,kald,2
1290,146,214,kald,2
1291,145,217,kald,2
1292,146,214,kald,2
1293,145,216,kald,2
1294,146,219,kald,2
1295,146,219,kald,2
1296,146,215,kald,2
1297,147,219,kald,2
1298,148,215,kald,2
1299,147,215,kald,2
1300,149,215,kald,2
1301,149,219,kald,2
1302,149,223,kald,2
1303,152,214,kald,2
1304,153,214,kald,2
1305,153,208,kald,2
1306,153,211,kald,2
1307,152,211,kald,2
1308,152,219,kald,2
1309,151,216,kald,2
1310,151,214,kald,2
1311,150,212,kald,2
1312,150,215,kald,2
1313,149,215,kald,2
1314,148,219,kald,2
1315,148,215,kald,2
1316,149,214,kald,2
1317,149,219,kald,2
1318,148,216,kald,2
1319,148,215,kald,2
1320,147,216,kald,2
1321,148,221,kald,2
1322,148,215,kald,2
1323,150,219,kald,2
1324,150,211,kald,2
1325,150,212,kald,2
1326,150,220,kald,2
1327,149,214,kald,2
1328,149,211,kald,2
1329,150,216,kald,2
1330,150,217,kald,2
1331,151,215,kald,2
1332,151,216,kald,2
1333,151,215,kald,2
1334,151,214,kald,2
1335,152,218,kald,2
1336,152,215,kald,2
1337,153,215,kald,2
1338,153,215,kald,2
1339,154,220,kald,2
1340,155,215,kald,2
1341,155,215,kald,2
1342,155,214,kald,2
1343,155,214,kald,2
1344,155,216,kald,2
1345,156,214,kald,2
1346,155,214,kald,2
1347,155,216,kald,2
1348,155,215,kald,2
1349,155,215,kald,2
1350,155,216,kald,2
1351,155,214,kald,2
1352,156,210,kald,2
1353,156,214,kald,2
1354,156,214,kald,2
1355,157,216,kald,2
1356,157,214,kald,2
1357,158,215,kald,2
1358,158,218,kald,2
1359,159,214,kald,2
1360,159,219,kald,2
1361,159,216,kald,2
1362,160,216,kald,2
1363,161,215,kald,2
1364,160,215,kald,2
1365,160,212,kald,2
1366,159,214,kald,2
1367,162,217,kald,2
1368,162,214,kald,2
1369,162,215,kald,2
1370,162,214,kald,2
1371,161,213,kald,2
1372,161,214,kald,2
1373,160,214,kald,2
1374,161,214,kald,2
1375,159,211,kald,2
1376,160,215,kald,2
1377,160,216,kald,2
1378,161,213,kald,2
1379,161,214,kald,2
1380,161,216,kald,2
1381,161,216,kald,2
1382,161,215,kald,2
1383,162,214,kald,2
1384,162,214,kald,2
1385,162,214,kald,2
1386,162,216,kald,2
1387,161,213,kald,2
1388,161,215,kald,2
1389,161,215,kald,2
1390,162,220,kald,2
1391,162,216,kald,2
1392,163,217,kald,2
1393,165,210,kald,2
1394,165,212,kald,2
1395,165,216,kald,2
1396,165,215,kald,2
1397,165,219,kald,2
1398,164,219,kald,2
1399,164,214,kald,2
1400,163,217,kald,2
1401,164,217,kald,2
1402,163,214,kald,2
1403,164,213,kald,2
1404,164,214,kald,2
1405,164,214,kald,2
1406,164,215,kald,2
1407,164,214,kald,2
1408,165,215,kald,2
1409,165,215,kald,2
1410,165,216,kald,2
1411,166,215,kald,2
1412,166,215,kald,2
1413,166,215,kald,2
1414,167,211,kald,2
1415,167,216,kald,2
1416,167,215,kald,2
1417,167,216,kald,2
1418,167,225,kald,2
1419,167,215,kald,2
1420,167,219,kald,2
1421,167,221,kald,2
1422,167,213,kald,2
1423,167,213,kald,2
1424,167,214,kald,2
1425,167,214,kald,2
1426,167,215,kald,2
1427,167,214,kald,2
1428,167,215,kald,2
1429,167,209,kald,2
1430,167,213,kald,2
1431,167,211,kald,2
1432,167,215,kald,2
1433,167,215,kald,2
1434,166,203,kald,2
1435,166,213,kald,2
1436,166,214,kald,2
1437,166,227,kald,2
1438,166,215,kald,2
1439,166,216,kald,2
1440,166,215,kald,2
1441,168,217,kald,2
1442,168,216,kald,2
1443,169,215,kald,2
1444,169,215,kald,2
1445,169,211,kald,2
1446,169,211,kald,2
1447,171,214,kald,2
1448,172,214,kald,2
1449,172,218,kald,2
1450,172,203,kald,2
1451,172,215,kald,2
1452,172,215,kald,2
1453,171,223,kald,2
1454,171,214,kald,2
1455,171,211,kald,2
1456,170,213,kald,2
1457,170,215,kald,2
1458,170,215,kald,2
1459,170,215,kald,2
1460,171,214,kald,2
1461,170,211,kald,2
1462,170,215,kald,2
1463,170,214,kald,2
1464,170,215,kald,2
1465,169,216,kald,2
1466,169,215,kald,2
1467,168,216,kald,2
1468,168,215,kald,2
1469,168,215,kald,2
1470,168,220,kald,2
1471,168,215,kald,2
1472,168,215,kald,2
1473,168,208,kald,2
1474,168,215,kald,2
1475,168,220,kald,2
1476,167,215,kald,2
1477,167,214,kald,2
1478,167,215,kald,2
1479,166,213,kald,2
1480,166,215,kald,2
1481,166,215,kald,2
1482,165,215,kald,2
1483,166,223,kald,2
1484,165,223,kald,2
1485,165,217,kald,2
1486,164,211,kald,2
1487,164,214,kald,2
1488,164,215,kald,2
1489,163,213,kald,2
1490,164,211,kald,2
1491,164,214,kald,2
1492,164,215,kald,2
1493,164,215,kald,2
1494,164,216,kald,2
1495,164,208,kald,2
1496,164,220,kald,2
1497,164,219,kald,2
1498,164,222,kald,2
1499,164,214,kald,2
1500,165,215,kald,2
1501,165,217,kald,2
1502,166,216,kald,2
1503,166,216,kald,2
1504,166,215,kald,2
1505,166,214,kald,2
1506,166,214,kald,2
1507,165,215,kald,2
1508,166,215,kald,2
1509,166,213,kald,2
1510,167,219,kald,2
1511,166,215,kald,2
1512,166,219,kald,2
1513,166,214,kald,2
1514,165,214,kald,2
1515,164,215,kald,2
1516,163,214,kald,2
1517,163,218,kald,2
1518,163,215,kald,2
1519,163,216,kald,2
1520,163,215,kald,2
1521,163,216,kald,2
1522,163,214,kald,2
1523,164,213,kald,2
1524,164,216,kald,2
1525,166,216,kald,2
1526,166,214,kald,2
1527,166,216,kald,2
1528,165,214,kald,2
1529,165,215,kald,2
1530,164,216,kald,2
1531,164,216,kald,2
1532,164,217,kald,2
1533,164,214,kald,2
1534,164,216,kald,2
1535,164,218,kald,2
1536,164,216,kald,2
1537,165,211,kald,2
1538,164,211,kald,2
1539,164,213,kald,2
1540,165,214,kald,2
1541,164,211,kald,2
1542,164,218,kald,2
1543,165,212,kald,2
1544,165,211,kald,2
1545,165,213,kald,2
1546,165,216,kald,2
1547,165,216,kald,2
1548,165,214,kald,2
1549,165,215,kald,2
1550,165,216,kald,2
1551,166,216,kald,2
1552,166,215,kald,2
1553,166,217,kald,2
1554,166,215,kald,2
1555,167,215,kald,2
1556,167,217,kald,2
1557,167,217,kald,2
1558,167,214,kald,2
1559,168,216,kald,2
1560,168,215,kald,2
1561,169,218,kald,2
1562,169,216,kald,2
1563,169,216,kald,2
1564,169,96,kald,2
1565,170,45,kald,2
1566,170,52,kald,NA
1567,169,43,kald,NA
1568,169,13,kald,NA
1569,169,0,kald,NA
1570,168,0,kald,NA
1571,169,0,kald,NA
1572,169,0,kald,NA
1573,168,0,kald,NA
1574,168,0,kald,NA
1575,168,0,kald,NA
1576,168,0,kald,NA
1577,167,0,kald,NA
1578,166,0,kald,NA
1579,166,0,kald,NA
1580,164,0,kald,NA
1581,163,0,kald,NA
1582,163,0,kald,NA
1583,162,0,kald,NA
1584,162,0,kald,NA
1585,161,0,kald,NA
1586,160,0,kald,NA
1587,158,0,kald,NA
1588,156,0,kald,NA
1589,155,0,kald,NA
1590,153,0,kald,NA
1591,152,0,kald,NA
1592,151,0,kald,NA
1593,150,0,kald,NA
1594,149,0,kald,NA
1595,149,0,kald,NA
1596,148,0,kald,NA
1597,148,8,kald,NA
1598,148,22,kald,NA
1599,147,67,kald,NA
1600,148,59,kald,NA
1601,146,83,kald,NA
1602,147,93,kald,NA
1603,147,103,kald,NA
1604,147,114,kald,NA
1605,147,111,kald,NA
1606,148,126,kald,NA
1607,148,132,kald,NA
1608,148,126,kald,NA
1609,149,126,kald,NA
1610,150,127,kald,NA
1611,149,127,kald,NA
1612,149,124,kald,NA
1613,150,128,kald,NA
1614,151,130,kald,NA
1615,150,128,kald,NA
1616,149,128,kald,NA
1617,147,128,kald,NA
1618,146,128,kald,NA
1619,143,129,kald,NA
1620,144,129,kald,NA
1621,144,134,kald,NA
1622,145,133,kald,NA
1623,146,133,kald,NA
1624,146,135,kald,NA
1625,144,134,kald,NA
1626,142,135,kald,NA
1627,140,134,kald,NA
1628,140,134,kald,NA
1629,139,132,kald,NA
1630,142,132,kald,NA
1631,142,131,kald,NA
1632,142,130,kald,NA
1633,141,132,kald,NA
1634,142,134,kald,NA
1635,141,132,kald,NA
1636,141,127,kald,NA
1637,140,133,kald,NA
1638,141,130,kald,NA
1639,141,128,kald,NA
1640,141,119,kald,NA
1641,140,124,kald,NA
1642,141,126,kald,NA
1643,140,126,kald,NA
1644,140,123,kald,NA
1645,140,128,kald,NA
1646,141,124,kald,NA
1647,141,125,kald,NA
1648,144,130,kald,NA
1649,144,135,kald,NA
1650,148,135,kald,NA
1651,151,138,kald,NA
1652,151,136,kald,NA
1653,152,135,kald,NA
1654,152,134,kald,NA
1655,150,134,kald,NA
1656,151,134,kald,NA
1657,151,133,kald,NA
1658,151,127,kald,NA
1659,150,132,kald,NA
1660,149,134,kald,NA
1661,148,136,kald,NA
1662,147,131,kald,NA
1663,147,136,kald,NA
1664,144,138,kald,NA
1665,144,138,kald,NA
1666,143,134,kald,NA
1667,142,133,kald,NA
1668,142,132,kald,NA
1669,143,133,kald,NA
1670,143,135,kald,NA
1671,142,135,kald,NA
1672,142,133,kald,NA
1673,141,132,kald,NA
1674,140,131,kald,NA
1675,139,135,kald,NA
1676,140,132,kald,NA
1677,139,181,kald,NA
1678,140,156,kald,NA
1679,141,146,kald,NA
1680,142,143,kald,NA
1681,141,141,kald,NA
1682,140,144,kald,NA
1683,141,144,kald,NA
1684,141,207,kald,NA
1685,143,236,kald,NA
1686,145,242,kald,NA
1687,146,215,kald,3
1688,146,211,kald,3
1689,146,218,kald,3
1690,148,214,kald,3
1691,148,214,kald,3
1692,149,215,kald,3
1693,151,215,kald,3
1694,152,218,kald,3
1695,152,218,kald,3
1696,151,215,kald,3
1697,151,215,kald,3
1698,151,216,kald,3
1699,150,214,kald,3
1700,149,215,kald,3
1701,149,210,kald,3
1702,149,214,kald,3
1703,150,216,kald,3
1704,149,216,kald,3
1705,149,212,kald,3
1706,150,217,kald,3
1707,150,212,kald,3
1708,149,208,kald,3
1709,150,215,kald,3
1710,150,215,kald,3
1711,151,211,kald,3
1712,152,214,kald,3
1713,152,217,kald,3
1714,152,219,kald,3
1715,152,214,kald,3
1716,152,206,kald,3
1717,153,215,kald,3
1718,155,242,kald,3
1719,157,229,kald,3
1720,158,219,kald,3
1721,160,214,kald,3
1722,162,214,kald,3
1723,161,216,kald,3
1724,161,216,kald,3
1725,161,216,kald,3
1726,161,211,kald,3
1727,160,216,kald,3
1728,160,223,kald,3
1729,159,213,kald,3
1730,159,211,kald,3
1731,158,216,kald,3
1732,158,214,kald,3
1733,158,215,kald,3
1734,159,216,kald,3
1735,158,215,kald,3
1736,159,215,kald,3
1737,159,218,kald,3
1738,159,214,kald,3
1739,159,211,kald,3
1740,159,215,kald,3
1741,159,215,kald,3
1742,159,215,kald,3
1743,159,220,kald,3
1744,159,213,kald,3
1745,160,210,kald,3
1746,159,215,kald,3
1747,160,215,kald,3
1748,161,215,kald,3
1749,161,216,kald,3
1750,162,215,kald,3
1751,162,214,kald,3
1752,162,216,kald,3
1753,161,216,kald,3
1754,163,220,kald,3
1755,163,219,kald,3
1756,163,214,kald,3
1757,163,215,kald,3
1758,164,214,kald,3
1759,164,212,kald,3
1760,164,223,kald,3
1761,163,215,kald,3
1762,164,215,kald,3
1763,164,215,kald,3
1764,164,215,kald,3
1765,164,216,kald,3
1766,165,216,kald,3
1767,165,214,kald,3
1768,164,213,kald,3
1769,164,212,kald,3
1770,164,216,kald,3
1771,164,215,kald,3
1772,164,215,kald,3
1773,164,213,kald,3
1774,163,220,kald,3
1775,164,217,kald,3
1776,164,209,kald,3
1777,164,210,kald,3
1778,164,212,kald,3
1779,163,218,kald,3
1780,164,215,kald,3
1781,163,211,kald,3
1782,164,218,kald,3
1783,164,212,kald,3
1784,164,217,kald,3
1785,165,213,kald,3
1786,164,213,kald,3
1787,166,216,kald,3
1788,167,210,kald,3
1789,167,216,kald,3
1790,167,215,kald,3
1791,167,216,kald,3
1792,167,214,kald,3
1793,168,213,kald,3
1794,168,215,kald,3
1795,167,218,kald,3
1796,168,215,kald,3
1797,168,212,kald,3
1798,169,216,kald,3
1799,169,216,kald,3
1800,169,216,kald,3
1801,170,216,kald,3
1802,171,215,kald,3
1803,170,212,kald,3
1804,170,214,kald,3
1805,170,216,kald,3
1806,170,213,kald,3
1807,170,215,kald,3
1808,170,212,kald,3
1809,170,215,kald,3
1810,169,216,kald,3
1811,170,214,kald,3
1812,170,221,kald,3
1813,170,216,kald,3
1814,170,211,kald,3
1815,169,216,kald,3
1816,170,218,kald,3
1817,170,215,kald,3
1818,170,215,kald,3
1819,169,214,kald,3
1820,169,215,kald,3
1821,169,215,kald,3
1822,170,215,kald,3
1823,170,216,kald,3
1824,170,218,kald,3
1825,170,211,kald,3
1826,170,203,kald,3
1827,171,215,kald,3
1828,171,216,kald,3
1829,170,216,kald,3
1830,171,216,kald,3
1831,171,211,kald,3
1832,171,215,kald,3
1833,171,215,kald,3
1834,170,214,kald,3
1835,171,215,kald,3
1836,171,217,kald,3
1837,171,215,kald,3
1838,171,211,kald,3
1839,171,216,kald,3
1840,171,218,kald,3
1841,171,214,kald,3
1842,171,216,kald,3
1843,171,215,kald,3
1844,171,216,kald,3
1845,172,215,kald,3
1846,172,215,kald,3
1847,172,215,kald,3
1848,172,217,kald,3
1849,172,219,kald,3
1850,172,216,kald,3
1851,172,211,kald,3
1852,172,215,kald,3
1853,172,212,kald,3
1854,172,215,kald,3
1855,172,216,kald,3
1856,172,215,kald,3
1857,173,216,kald,3
1858,174,217,kald,3
1859,173,214,kald,3
1860,173,215,kald,3
1861,173,214,kald,3
1862,173,215,kald,3
1863,173,215,kald,3
1864,173,214,kald,3
1865,173,216,kald,3
1866,173,215,kald,3
1867,172,214,kald,3
1868,172,216,kald,3
1869,172,216,kald,3
1870,172,213,kald,3
1871,172,215,kald,3
1872,172,214,kald,3
1873,172,214,kald,3
1874,172,219,kald,3
1875,172,215,kald,3
1876,172,215,kald,3
1877,171,210,kald,3
1878,172,215,kald,3
1879,172,215,kald,3
1880,171,211,kald,3
1881,171,212,kald,3
1882,171,215,kald,3
1883,174,214,kald,3
1884,173,218,kald,3
1885,172,215,kald,3
1886,172,214,kald,3
1887,171,216,kald,3
1888,172,216,kald,3
1889,172,215,kald,3
1890,172,215,kald,3
1891,172,217,kald,3
1892,171,216,kald,3
1893,171,212,kald,3
1894,172,214,kald,3
1895,171,211,kald,3
1896,171,214,kald,3
1897,172,218,kald,3
1898,171,215,kald,3
1899,172,217,kald,3
1900,171,214,kald,3
1901,171,215,kald,3
1902,172,218,kald,3
1903,172,217,kald,3
1904,172,216,kald,3
1905,172,217,kald,3
1906,172,214,kald,3
1907,172,214,kald,3
1908,172,214,kald,3
1909,173,221,kald,3
1910,172,216,kald,3
1911,173,217,kald,3
1912,173,215,kald,3
1913,173,211,kald,3
1914,173,214,kald,3
1915,173,214,kald,3
1916,173,214,kald,3
1917,173,211,kald,3
1918,173,215,kald,3
1919,173,215,kald,3
1920,172,215,kald,3
1921,173,214,kald,3
1922,173,215,kald,3
1923,173,215,kald,3
1924,173,210,kald,3
1925,174,215,kald,3
1926,173,214,kald,3
1927,173,214,kald,3
1928,173,214,kald,3
1929,173,214,kald,3
1930,173,217,kald,3
1931,173,211,kald,3
1932,173,219,kald,3
1933,173,215,kald,3
1934,173,214,kald,3
1935,173,215,kald,3
1936,173,215,kald,3
1937,173,215,kald,3
1938,173,215,kald,3
1939,173,215,kald,3
1940,173,216,kald,3
1941,174,217,kald,3
1942,174,215,kald,3
1943,174,216,kald,3
1944,174,218,kald,3
1945,175,215,kald,3
1946,175,217,kald,3
1947,175,209,kald,3
1948,175,212,kald,3
1949,175,212,kald,3
1950,175,217,kald,3
1951,175,217,kald,3
1952,175,215,kald,3
1953,174,214,kald,3
1954,173,215,kald,3
1955,173,216,kald,3
1956,173,216,kald,3
1957,173,220,kald,3
1958,173,219,kald,3
1959,173,214,kald,3
1960,173,215,kald,3
1961,172,220,kald,3
1962,173,216,kald,3
1963,173,216,kald,3
1964,173,216,kald,3
1965,173,217,kald,3
1966,173,215,kald,3
1967,173,215,kald,3
1968,173,218,kald,3
1969,173,217,kald,3
1970,173,215,kald,3
1971,173,215,kald,3
1972,173,215,kald,3
1973,172,214,kald,3
1974,172,218,kald,3
1975,172,216,kald,3
1976,172,215,kald,3
1977,172,214,kald,3
1978,172,204,kald,3
1979,172,214,kald,3
1980,172,215,kald,3
1981,173,216,kald,3
1982,172,216,kald,3
1983,172,219,kald,3
1984,172,70,kald,3
1985,172,61,kald,3
1986,172,52,kald,NA
1987,172,43,kald,NA
1988,172,10,kald,NA
1989,172,0,kald,NA
1990,172,0,kald,NA
1991,172,0,kald,NA
1992,170,0,kald,NA
1993,170,0,kald,NA
1994,170,0,kald,NA
1995,170,0,kald,NA
1996,170,0,kald,NA
1997,168,0,kald,NA
1998,167,0,kald,NA
1999,167,0,kald,NA
2000,166,0,kald,NA
2001,166,0,kald,NA
2002,165,0,kald,NA
2003,165,0,kald,NA
2004,164,0,kald,NA
2005,164,0,kald,NA
2006,162,0,kald,NA
2007,161,0,kald,NA
2008,160,0,kald,NA
2010,160,44,kald,NA
2011,160,27,kald,NA
2012,158,10,kald,NA
2013,157,109,kald,NA
2014,155,116,kald,NA
2015,156,104,kald,NA
2016,156,117,kald,NA
2017,158,124,kald,NA
2018,159,131,kald,NA
2019,158,126,kald,NA
2020,158,126,kald,NA
2021,157,125,kald,NA
2022,156,126,kald,NA
2023,155,126,kald,NA
2024,154,126,kald,NA
2025,153,124,kald,NA
2026,153,124,kald,NA
2027,152,126,kald,NA
2028,152,125,kald,NA
2029,151,125,kald,NA
2030,150,125,kald,NA
2031,148,125,kald,NA
2032,147,132,kald,NA
2033,147,132,kald,NA
2034,146,133,kald,NA
2035,147,133,kald,NA
2036,147,131,kald,NA
2037,147,128,kald,NA
2038,147,130,kald,NA
2039,147,131,kald,NA
2040,147,133,kald,NA
2041,147,134,kald,NA
2042,147,136,kald,NA
2043,147,137,kald,NA
2044,147,137,kald,NA
2045,148,138,kald,NA
2046,148,135,kald,NA
2047,148,135,kald,NA
2048,148,134,kald,NA
2049,148,131,kald,NA
2050,149,128,kald,NA
2051,148,135,kald,NA
2052,148,132,kald,NA
2053,148,134,kald,NA
2054,148,135,kald,NA
2055,149,134,kald,NA
2056,149,135,kald,NA
2057,149,134,kald,NA
2058,149,134,kald,NA
2059,149,134,kald,NA
2060,149,137,kald,NA
2061,148,133,kald,NA
2062,148,134,kald,NA
2063,150,134,kald,NA
2064,149,134,kald,NA
2065,149,137,kald,NA
2066,150,139,kald,NA
2067,149,138,kald,NA
2068,149,137,kald,NA
2069,148,137,kald,NA
2070,149,135,kald,NA
2071,149,136,kald,NA
2072,149,138,kald,NA
2073,148,138,kald,NA
2074,149,142,kald,NA
2075,149,139,kald,NA
2076,149,137,kald,NA
2077,151,130,kald,NA
2078,151,140,kald,NA
2079,150,140,kald,NA
2080,150,137,kald,NA
2081,150,136,kald,NA
2082,149,136,kald,NA
2083,149,136,kald,NA
2084,148,137,kald,NA
2085,149,140,kald,NA
2086,148,140,kald,NA
2087,149,138,kald,NA
2088,148,137,kald,NA
2089,147,139,kald,NA
2090,148,140,kald,NA
2091,148,139,kald,NA
2092,147,138,kald,NA
2093,147,136,kald,NA
2094,147,137,kald,NA
2095,147,138,kald,NA
2096,148,139,kald,NA
2097,148,137,kald,NA
2098,147,138,kald,NA
2099,146,138,kald,NA
2100,146,140,kald,NA
2101,146,155,kald,NA
2102,146,148,kald,NA
2103,146,174,kald,NA
2104,146,196,kald,NA
2105,149,215,kald,NA
2106,151,213,kald,NA
2107,150,214,kald,4
2108,150,216,kald,4
2109,150,218,kald,4
2110,151,212,kald,4
2111,151,211,kald,4
2112,151,218,kald,4
2113,149,217,kald,4
2114,150,214,kald,4
2115,150,215,kald,4
2116,150,214,kald,4
2117,149,224,kald,4
2118,149,215,kald,4
2119,149,214,kald,4
2120,150,214,kald,4
2121,150,215,kald,4
2122,150,215,kald,4
2123,150,216,kald,4
2124,151,214,kald,4
2125,151,218,kald,4
2126,151,214,kald,4
2127,152,211,kald,4
2128,152,214,kald,4
2129,153,214,kald,4
2130,152,216,kald,4
2131,153,216,kald,4
2132,153,216,kald,4
2133,152,214,kald,4
2134,153,216,kald,4
2135,153,214,kald,4
2136,153,215,kald,4
2137,154,220,kald,4
2138,154,215,kald,4
2139,154,218,kald,4
2140,155,215,kald,4
2141,155,215,kald,4
2142,156,215,kald,4
2143,156,215,kald,4
2144,156,218,kald,4
2145,156,215,kald,4
2146,157,215,kald,4
2147,157,215,kald,4
2148,157,215,kald,4
2149,157,215,kald,4
2150,158,214,kald,4
2151,157,214,kald,4
2152,158,215,kald,4
2153,158,215,kald,4
2154,158,215,kald,4
2155,159,216,kald,4
2156,158,216,kald,4
2157,159,209,kald,4
2158,159,216,kald,4
2159,159,214,kald,4
2160,158,214,kald,4
2161,159,216,kald,4
2162,159,220,kald,4
2163,159,216,kald,4
2164,159,215,kald,4
2165,160,215,kald,4
2166,160,215,kald,4
2167,162,215,kald,4
2168,161,219,kald,4
2169,161,216,kald,4
2170,162,218,kald,4
2171,163,214,kald,4
2172,162,215,kald,4
2173,162,218,kald,4
2174,163,216,kald,4
2175,163,213,kald,4
2176,163,211,kald,4
2177,164,218,kald,4
2178,164,215,kald,4
2179,163,215,kald,4
2180,163,213,kald,4
2181,164,218,kald,4
2182,163,216,kald,4
2183,163,216,kald,4
2184,164,216,kald,4
2185,163,216,kald,4
2186,164,215,kald,4
2187,164,215,kald,4
2188,164,212,kald,4
2189,164,214,kald,4
2190,165,216,kald,4
2191,166,219,kald,4
2192,166,215,kald,4
2193,166,215,kald,4
2194,167,215,kald,4
2195,168,215,kald,4
2196,168,214,kald,4
2197,169,216,kald,4
2198,168,214,kald,4
2199,169,215,kald,4
2200,169,204,kald,4
2201,169,215,kald,4
2202,169,220,kald,4
2203,168,215,kald,4
2204,169,215,kald,4
2205,169,215,kald,4
2206,168,217,kald,4
2207,168,214,kald,4
2208,168,215,kald,4
2209,168,215,kald,4
2210,169,219,kald,4
2211,169,212,kald,4
2212,169,215,kald,4
2213,169,213,kald,4
2214,169,214,kald,4
2215,170,215,kald,4
2216,170,215,kald,4
2217,170,215,kald,4
2218,170,216,kald,4
2219,171,217,kald,4
2220,171,218,kald,4
2221,173,213,kald,4
2222,173,207,kald,4
2223,174,214,kald,4
2224,174,216,kald,4
2225,174,217,kald,4
2226,174,215,kald,4
2227,173,215,kald,4
2228,174,215,kald,4
2229,173,215,kald,4
2230,173,209,kald,4
2231,173,218,kald,4
2232,173,218,kald,4
2233,173,214,kald,4
2234,173,214,kald,4
2235,173,215,kald,4
2236,173,222,kald,4
2237,173,210,kald,4
2238,173,215,kald,4
2239,173,213,kald,4
2240,173,222,kald,4
2241,173,216,kald,4
2242,173,213,kald,4
2243,173,215,kald,4
2244,174,207,kald,4
2245,173,215,kald,4
2246,174,215,kald,4
2247,174,214,kald,4
2248,174,217,kald,4
2249,174,208,kald,4
2250,174,213,kald,4
2251,174,218,kald,4
2252,174,215,kald,4
2253,174,212,kald,4
2254,174,217,kald,4
2255,174,218,kald,4
2256,174,217,kald,4
2257,174,215,kald,4
2258,174,211,kald,4
2259,174,218,kald,4
2260,174,214,kald,4
2261,173,213,kald,4
2262,173,214,kald,4
2263,174,215,kald,4
2264,174,214,kald,4
2265,175,209,kald,4
2266,175,217,kald,4
2267,175,215,kald,4
2268,176,215,kald,4
2269,175,217,kald,4
2270,175,211,kald,4
2271,175,214,kald,4
2272,174,215,kald,4
2273,174,215,kald,4
2274,174,214,kald,4
2275,174,214,kald,4
2276,174,216,kald,4
2277,174,215,kald,4
2278,174,208,kald,4
2279,174,214,kald,4
2280,174,211,kald,4
2281,174,220,kald,4
2282,174,214,kald,4
2283,174,218,kald,4
2284,174,215,kald,4
2285,174,214,kald,4
2286,175,215,kald,4
2287,175,211,kald,4
2288,175,213,kald,4
2289,175,215,kald,4
2290,175,216,kald,4
2291,174,211,kald,4
2292,174,214,kald,4
2293,174,215,kald,4
2294,174,214,kald,4
2295,174,217,kald,4
2296,174,215,kald,4
2297,174,217,kald,4
2298,174,213,kald,4
2299,174,214,kald,4
2300,174,215,kald,4
2301,174,211,kald,4
2302,174,214,kald,4
2303,174,216,kald,4
2304,173,214,kald,4
2305,174,217,kald,4
2306,174,218,kald,4
2307,174,215,kald,4
2308,173,215,kald,4
2309,173,211,kald,4
2310,174,217,kald,4
2311,172,218,kald,4
2312,172,215,kald,4
2313,172,214,kald,4
2314,172,216,kald,4
2315,172,215,kald,4
2316,171,215,kald,4
2317,171,215,kald,4
2318,171,217,kald,4
2319,170,218,kald,4
2320,170,215,kald,4
2321,170,216,kald,4
2322,170,216,kald,4
2323,169,214,kald,4
2324,170,218,kald,4
2325,171,214,kald,4
2326,170,216,kald,4
2327,170,214,kald,4
2328,170,215,kald,4
2329,170,215,kald,4
2330,171,214,kald,4
2331,171,216,kald,4
2332,171,217,kald,4
2333,171,216,kald,4
2334,170,216,kald,4
2335,170,216,kald,4
2336,170,215,kald,4
2337,171,214,kald,4
2338,171,215,kald,4
2339,171,217,kald,4
2340,170,217,kald,4
2341,170,217,kald,4
2342,171,215,kald,4
2343,171,213,kald,4
2344,171,215,kald,4
2345,171,214,kald,4
2346,171,215,kald,4
2347,170,216,kald,4
2348,170,215,kald,4
2349,170,216,kald,4
2350,170,218,kald,4
2351,170,215,kald,4
2352,170,215,kald,4
2353,169,216,kald,4
2354,170,216,kald,4
2355,170,218,kald,4
2356,170,215,kald,4
2357,170,213,kald,4
2358,170,215,kald,4
2359,171,215,kald,4
2360,171,214,kald,4
2361,171,216,kald,4
2362,171,215,kald,4
2363,172,214,kald,4
2364,172,217,kald,4
2365,172,218,kald,4
2366,172,216,kald,4
2367,173,216,kald,4
2368,173,214,kald,4
2369,173,209,kald,4
2370,173,215,kald,4
2371,173,215,kald,4
2372,174,214,kald,4
2373,174,218,kald,4
2374,174,214,kald,4
2375,174,213,kald,4
2376,175,216,kald,4
2377,174,216,kald,4
2378,174,214,kald,4
2379,174,214,kald,4
2380,174,215,kald,4
2381,174,215,kald,4
2382,173,215,kald,4
2383,174,214,kald,4
2384,174,215,kald,4
2385,174,215,kald,4
2386,174,215,kald,4
2387,174,215,kald,4
2388,174,220,kald,4
2389,174,215,kald,4
2390,174,213,kald,4
2391,174,216,kald,4
2392,174,214,kald,4
2393,174,217,kald,4
2394,175,209,kald,4
2395,175,212,kald,4
2396,175,211,kald,4
2397,175,209,kald,4
2398,175,202,kald,4
2399,175,209,kald,4
2400,174,214,kald,4
2401,174,218,kald,4
2402,174,214,kald,4
2403,175,217,kald,4
2404,175,216,kald,4
2405,176,79,kald,4
2406,175,70,kald,NA
2407,176,49,kald,NA
2408,176,67,kald,NA
2409,176,24,kald,NA
2410,176,0,kald,NA
2411,175,0,kald,NA
2412,175,0,kald,NA
2413,174,0,kald,NA
2414,173,0,kald,NA
2415,173,0,kald,NA
2416,173,0,kald,NA
2417,173,0,kald,NA
2418,172,0,kald,NA
2419,171,0,kald,NA
2420,171,0,kald,NA
2421,169,0,kald,NA
2422,168,0,kald,NA
2423,167,0,kald,NA
2424,167,0,kald,NA
2425,166,0,kald,NA
2426,166,0,kald,NA
2427,166,0,kald,NA
2428,165,0,kald,NA
2429,164,14,kald,NA
2430,162,58,kald,NA
2431,162,33,kald,NA
2432,162,124,kald,NA
2433,162,110,kald,NA
2434,162,100,kald,NA
2435,161,104,kald,NA
2436,162,123,kald,NA
2437,162,124,kald,NA
2438,161,121,kald,NA
2439,161,126,kald,NA
2440,161,127,kald,NA
2441,160,121,kald,NA
2442,159,125,kald,NA
2443,157,125,kald,NA
2444,156,125,kald,NA
2445,156,126,kald,NA
2446,156,125,kald,NA
2447,155,125,kald,NA
2448,156,127,kald,NA
2449,156,122,kald,NA
2450,157,127,kald,NA
2451,157,124,kald,NA
2452,155,122,kald,NA
2453,154,126,kald,NA
2454,154,127,kald,NA
2455,152,121,kald,NA
2456,151,126,kald,NA
2457,148,127,kald,NA
2458,148,126,kald,NA
2459,149,126,kald,NA
2460,149,125,kald,NA
2461,149,130,kald,NA
2462,147,126,kald,NA
2463,146,126,kald,NA
2464,145,126,kald,NA
2465,146,125,kald,NA
2466,146,125,kald,NA
2467,146,114,kald,NA
2468,145,125,kald,NA
2469,145,126,kald,NA
2470,144,125,kald,NA
2471,143,126,kald,NA
2472,143,125,kald,NA
2473,143,118,kald,NA
2474,143,114,kald,NA
2475,143,121,kald,NA
2476,144,126,kald,NA
2477,144,125,kald,NA
2478,144,127,kald,NA
2479,144,125,kald,NA
2480,145,126,kald,NA
2481,146,125,kald,NA
2482,146,125,kald,NA
2483,147,125,kald,NA
2484,146,124,kald,NA
2485,146,126,kald,NA
2486,145,125,kald,NA
2487,144,126,kald,NA
2488,145,125,kald,NA
2489,143,125,kald,NA
2490,142,125,kald,NA
2491,142,121,kald,NA
2492,142,126,kald,NA
2493,144,125,kald,NA
2494,144,125,kald,NA
2495,144,122,kald,NA
2496,144,120,kald,NA
2497,143,127,kald,NA
2498,142,127,kald,NA
2499,142,127,kald,NA
2500,142,122,kald,NA
2501,142,125,kald,NA
2502,141,123,kald,NA
2503,141,124,kald,NA
2504,141,126,kald,NA
2505,141,126,kald,NA
2506,140,123,kald,NA
2507,140,121,kald,NA
2508,139,118,kald,NA
2509,139,119,kald,NA
2510,140,122,kald,NA
2511,140,125,kald,NA
2512,140,119,kald,NA
2513,138,115,kald,NA
2514,138,121,kald,NA
2515,138,129,kald,NA
2516,137,122,kald,NA
2517,137,129,kald,NA
2518,137,131,kald,NA
2519,137,119,kald,NA
2520,137,133,kald,NA
2521,137,102,kald,NA
2522,137,95,kald,NA
2523,138,90,kald,NA
2524,138,0,kald,NA
2525,138,0,kald,NA
2526,138,0,kald,NA
2527,137,0,kald,NA
2528,136,0,kald,NA
2529,137,0,kald,NA
2530,137,0,kald,NA
2531,137,0,kald,NA
2532,134,0,kald,NA
2533,134,0,kald,NA
2534,131,0,kald,NA
2535,130,0,kald,NA
2536,128,0,kald,NA
2537,128,0,kald,NA
2538,127,0,kald,NA
2539,125,0,kald,NA
2540,123,0,kald,NA
2541,122,0,kald,NA
2542,120,0,kald,NA
2543,120,0,kald,NA
2544,119,0,kald,NA
2545,120,0,kald,NA
2546,120,0,kald,NA
2547,120,0,kald,NA
2548,122,0,kald,NA
2549,122,0,kald,NA
2550,122,0,kald,NA
2551,122,0,kald,NA
2552,128,0,kald,NA
2553,129,0,kald,NA
2554,129,0,kald,NA
2555,130,0,kald,NA
2556,129,0,kald,NA
2557,129,0,kald,NA
2558,128,0,kald,NA
2559,126,0,kald,NA
2560,125,0,kald,NA
2561,124,0,kald,NA
2562,125,0,kald,NA
2563,126,0,kald,NA
2564,126,0,kald,NA
2565,127,0,kald,NA
2566,129,0,kald,NA
2567,129,0,kald,NA
