"","time","heartrate","watts","interval","temperature"
"1",0,75,120,NA,"kald"
"2",1,75,124,NA,"kald"
"3",2,76,133,NA,"kald"
"4",3,86,155,NA,"kald"
"5",4,90,152,NA,"kald"
"6",5,93,154,NA,"kald"
"7",6,94,150,NA,"kald"
"8",7,94,151,NA,"kald"
"9",8,91,153,NA,"kald"
"10",9,90,152,NA,"kald"
"11",10,86,153,NA,"kald"
"12",11,86,151,NA,"kald"
"13",12,90,150,NA,"kald"
"14",13,91,149,NA,"kald"
"15",14,90,146,NA,"kald"
"16",15,90,146,NA,"kald"
"17",16,94,147,NA,"kald"
"18",17,94,148,NA,"kald"
"19",18,93,151,NA,"kald"
"20",19,97,154,NA,"kald"
"21",20,98,150,NA,"kald"
"22",21,98,145,NA,"kald"
"23",22,100,150,NA,"kald"
"24",23,101,149,NA,"kald"
"25",24,101,149,NA,"kald"
"26",25,100,155,NA,"kald"
"27",26,102,154,NA,"kald"
"28",27,104,151,NA,"kald"
"29",28,104,148,NA,"kald"
"30",29,106,150,NA,"kald"
"31",30,106,150,NA,"kald"
"32",31,107,148,NA,"kald"
"33",32,108,150,NA,"kald"
"34",33,108,150,NA,"kald"
"35",34,109,148,NA,"kald"
"36",35,112,147,NA,"kald"
"37",36,112,147,NA,"kald"
"38",37,111,147,NA,"kald"
"39",38,111,147,NA,"kald"
"40",39,112,145,NA,"kald"
"41",40,111,145,NA,"kald"
"42",41,111,146,NA,"kald"
"43",42,111,148,NA,"kald"
"44",43,111,147,NA,"kald"
"45",44,109,144,NA,"kald"
"46",45,110,146,NA,"kald"
"47",46,109,151,NA,"kald"
"48",47,109,154,NA,"kald"
"49",48,110,154,NA,"kald"
"50",49,110,152,NA,"kald"
"51",50,110,153,NA,"kald"
"52",51,110,156,NA,"kald"
"53",52,110,160,NA,"kald"
"54",53,111,160,NA,"kald"
"55",54,111,159,NA,"kald"
"56",55,112,153,NA,"kald"
"57",56,112,151,NA,"kald"
"58",57,111,154,NA,"kald"
"59",58,112,153,NA,"kald"
"60",59,113,153,NA,"kald"
"61",60,113,153,NA,"kald"
"62",61,112,153,NA,"kald"
"63",62,113,153,NA,"kald"
"64",63,113,153,NA,"kald"
"65",64,111,152,NA,"kald"
"66",65,111,153,NA,"kald"
"67",66,111,151,NA,"kald"
"68",67,111,154,NA,"kald"
"69",68,113,150,NA,"kald"
"70",69,113,153,NA,"kald"
"71",70,113,161,NA,"kald"
"72",71,116,157,NA,"kald"
"73",72,116,158,NA,"kald"
"74",73,115,154,NA,"kald"
"75",74,117,153,NA,"kald"
"76",75,117,154,NA,"kald"
"77",76,117,149,NA,"kald"
"78",77,117,160,NA,"kald"
"79",78,118,158,NA,"kald"
"80",79,118,156,NA,"kald"
"81",80,120,154,NA,"kald"
"82",81,119,153,NA,"kald"
"83",82,120,151,NA,"kald"
"84",83,121,154,NA,"kald"
"85",84,120,156,NA,"kald"
"86",85,119,156,NA,"kald"
"87",86,119,155,NA,"kald"
"88",87,117,157,NA,"kald"
"89",88,118,158,NA,"kald"
"90",89,118,159,NA,"kald"
"91",90,118,159,NA,"kald"
"92",91,118,158,NA,"kald"
"93",92,118,159,NA,"kald"
"94",93,118,157,NA,"kald"
"95",94,120,164,NA,"kald"
"96",95,120,158,NA,"kald"
"97",96,120,148,NA,"kald"
"98",97,118,146,NA,"kald"
"99",98,117,148,NA,"kald"
"100",99,118,152,NA,"kald"
"101",100,119,151,NA,"kald"
"102",101,119,152,NA,"kald"
"103",102,119,149,NA,"kald"
"104",103,120,150,NA,"kald"
"105",104,120,149,NA,"kald"
"106",105,120,149,NA,"kald"
"107",106,121,151,NA,"kald"
"108",107,119,151,NA,"kald"
"109",108,119,146,NA,"kald"
"110",109,118,148,NA,"kald"
"111",110,118,144,NA,"kald"
"112",111,117,146,NA,"kald"
"113",112,116,146,NA,"kald"
"114",113,116,146,NA,"kald"
"115",114,116,145,NA,"kald"
"116",115,115,149,NA,"kald"
"117",116,117,152,NA,"kald"
"118",117,116,152,NA,"kald"
"119",118,116,152,NA,"kald"
"120",119,116,152,NA,"kald"
"121",120,117,152,NA,"kald"
"122",121,117,152,NA,"kald"
"123",122,118,158,NA,"kald"
"124",123,118,150,NA,"kald"
"125",124,117,148,NA,"kald"
"126",125,117,149,NA,"kald"
"127",126,116,103,NA,"kald"
"128",127,115,166,NA,"kald"
"129",128,114,150,NA,"kald"
"130",129,115,149,NA,"kald"
"131",130,119,147,NA,"kald"
"132",131,120,147,NA,"kald"
"133",132,121,147,NA,"kald"
"134",133,120,148,NA,"kald"
"135",134,119,150,NA,"kald"
"136",135,118,151,NA,"kald"
"137",136,116,152,NA,"kald"
"138",137,115,148,NA,"kald"
"139",138,115,147,NA,"kald"
"140",139,115,147,NA,"kald"
"141",140,117,149,NA,"kald"
"142",141,116,151,NA,"kald"
"143",142,116,149,NA,"kald"
"144",143,115,149,NA,"kald"
"145",144,114,151,NA,"kald"
"146",145,115,152,NA,"kald"
"147",146,115,159,NA,"kald"
"148",147,116,155,NA,"kald"
"149",148,116,155,NA,"kald"
"150",149,117,152,NA,"kald"
"151",150,118,150,NA,"kald"
"152",151,118,151,NA,"kald"
"153",152,118,150,NA,"kald"
"154",153,118,151,NA,"kald"
"155",154,117,152,NA,"kald"
"156",155,115,150,NA,"kald"
"157",156,114,149,NA,"kald"
"158",157,114,149,NA,"kald"
"159",158,114,148,NA,"kald"
"160",159,114,149,NA,"kald"
"161",160,113,150,NA,"kald"
"162",161,113,149,NA,"kald"
"163",162,113,147,NA,"kald"
"164",163,112,148,NA,"kald"
"165",164,113,149,NA,"kald"
"166",165,113,147,NA,"kald"
"167",166,114,145,NA,"kald"
"168",167,114,146,NA,"kald"
"169",168,114,147,NA,"kald"
"170",169,117,150,NA,"kald"
"171",170,118,151,NA,"kald"
"172",171,119,150,NA,"kald"
"173",172,119,148,NA,"kald"
"174",173,118,149,NA,"kald"
"175",174,118,146,NA,"kald"
"176",175,116,148,NA,"kald"
"177",176,116,147,NA,"kald"
"178",177,117,147,NA,"kald"
"179",178,116,146,NA,"kald"
"180",179,115,146,NA,"kald"
"181",180,115,146,NA,"kald"
"182",181,114,147,NA,"kald"
"183",182,114,149,NA,"kald"
"184",183,114,149,NA,"kald"
"185",184,113,150,NA,"kald"
"186",185,114,149,NA,"kald"
"187",186,112,149,NA,"kald"
"188",187,112,151,NA,"kald"
"189",188,114,151,NA,"kald"
"190",189,115,151,NA,"kald"
"191",190,115,150,NA,"kald"
"192",191,115,149,NA,"kald"
"193",192,116,147,NA,"kald"
"194",193,113,148,NA,"kald"
"195",194,113,150,NA,"kald"
"196",195,111,154,NA,"kald"
"197",196,111,150,NA,"kald"
"198",197,111,147,NA,"kald"
"199",198,113,149,NA,"kald"
"200",199,112,150,NA,"kald"
"201",200,113,150,NA,"kald"
"202",201,113,150,NA,"kald"
"203",202,114,150,NA,"kald"
"204",203,115,151,NA,"kald"
"205",204,115,148,NA,"kald"
"206",205,114,150,NA,"kald"
"207",206,114,148,NA,"kald"
"208",207,113,149,NA,"kald"
"209",208,112,149,NA,"kald"
"210",209,112,150,NA,"kald"
"211",210,113,150,NA,"kald"
"212",211,114,149,NA,"kald"
"213",212,115,150,NA,"kald"
"214",213,115,149,NA,"kald"
"215",214,116,155,NA,"kald"
"216",215,117,152,NA,"kald"
"217",216,117,149,NA,"kald"
"218",217,117,150,NA,"kald"
"219",218,119,153,NA,"kald"
"220",219,119,150,NA,"kald"
"221",220,119,147,NA,"kald"
"222",221,119,149,NA,"kald"
"223",222,119,149,NA,"kald"
"224",223,120,147,NA,"kald"
"225",224,123,148,NA,"kald"
"226",225,123,148,NA,"kald"
"227",226,123,149,NA,"kald"
"228",227,124,149,NA,"kald"
"229",228,123,149,NA,"kald"
"230",229,123,150,NA,"kald"
"231",230,122,150,NA,"kald"
"232",231,121,150,NA,"kald"
"233",232,120,148,NA,"kald"
"234",233,120,151,NA,"kald"
"235",234,119,151,NA,"kald"
"236",235,120,154,NA,"kald"
"237",236,120,150,NA,"kald"
"238",237,119,156,NA,"kald"
"239",238,122,156,NA,"kald"
"240",239,122,155,NA,"kald"
"241",240,123,151,NA,"kald"
"242",241,123,153,NA,"kald"
"243",242,124,149,NA,"kald"
"244",243,124,155,NA,"kald"
"245",244,124,150,NA,"kald"
"246",245,124,150,NA,"kald"
"247",246,124,150,NA,"kald"
"248",247,123,147,NA,"kald"
"249",248,124,150,NA,"kald"
"250",249,124,149,NA,"kald"
"251",250,124,152,NA,"kald"
"252",251,124,150,NA,"kald"
"253",252,124,148,NA,"kald"
"254",253,125,151,NA,"kald"
"255",254,124,150,NA,"kald"
"256",255,125,150,NA,"kald"
"257",256,125,152,NA,"kald"
"258",257,126,154,NA,"kald"
"259",258,126,155,NA,"kald"
"260",259,126,154,NA,"kald"
"261",260,127,155,NA,"kald"
"262",261,126,153,NA,"kald"
"263",262,127,159,NA,"kald"
"264",263,128,159,NA,"kald"
"265",264,126,157,NA,"kald"
"266",265,126,143,NA,"kald"
"267",266,126,145,NA,"kald"
"268",267,125,147,NA,"kald"
"269",268,123,151,NA,"kald"
"270",269,123,150,NA,"kald"
"271",270,122,147,NA,"kald"
"272",271,122,147,NA,"kald"
"273",272,122,147,NA,"kald"
"274",273,122,150,NA,"kald"
"275",274,121,149,NA,"kald"
"276",275,120,150,NA,"kald"
"277",276,120,151,NA,"kald"
"278",277,119,150,NA,"kald"
"279",278,119,145,NA,"kald"
"280",279,118,150,NA,"kald"
"281",280,117,150,NA,"kald"
"282",281,119,150,NA,"kald"
"283",282,120,149,NA,"kald"
"284",283,120,149,NA,"kald"
"285",284,120,145,NA,"kald"
"286",285,119,150,NA,"kald"
"287",286,119,147,NA,"kald"
"288",287,118,149,NA,"kald"
"289",288,118,152,NA,"kald"
"290",289,117,149,NA,"kald"
"291",290,117,147,NA,"kald"
"292",291,117,152,NA,"kald"
"293",292,118,150,NA,"kald"
"294",293,119,149,NA,"kald"
"295",294,119,149,NA,"kald"
"296",295,119,147,NA,"kald"
"297",296,120,143,NA,"kald"
"298",297,120,151,NA,"kald"
"299",298,120,147,NA,"kald"
"300",299,119,150,NA,"kald"
"301",300,119,151,NA,"kald"
"302",301,119,154,NA,"kald"
"303",302,118,155,NA,"kald"
"304",303,118,154,NA,"kald"
"305",304,119,158,NA,"kald"
"306",305,120,155,NA,"kald"
"307",306,121,157,NA,"kald"
"308",307,121,157,NA,"kald"
"309",308,120,160,NA,"kald"
"310",309,121,158,NA,"kald"
"311",310,120,160,NA,"kald"
"312",311,119,158,NA,"kald"
"313",312,118,157,NA,"kald"
"314",313,118,156,NA,"kald"
"315",314,118,150,NA,"kald"
"316",315,118,154,NA,"kald"
"317",316,118,154,NA,"kald"
"318",317,118,154,NA,"kald"
"319",318,119,157,NA,"kald"
"320",319,118,155,NA,"kald"
"321",320,119,155,NA,"kald"
"322",321,119,155,NA,"kald"
"323",322,118,156,NA,"kald"
"324",323,118,153,NA,"kald"
"325",324,119,150,NA,"kald"
"326",325,120,151,NA,"kald"
"327",326,120,153,NA,"kald"
"328",327,120,152,NA,"kald"
"329",328,121,153,NA,"kald"
"330",329,119,149,NA,"kald"
"331",330,119,150,NA,"kald"
"332",331,120,149,NA,"kald"
"333",332,120,150,NA,"kald"
"334",333,120,146,NA,"kald"
"335",334,121,148,NA,"kald"
"336",335,120,149,NA,"kald"
"337",336,120,149,NA,"kald"
"338",337,119,150,NA,"kald"
"339",338,120,154,NA,"kald"
"340",339,121,152,NA,"kald"
"341",340,122,152,NA,"kald"
"342",341,121,150,NA,"kald"
"343",342,121,152,NA,"kald"
"344",343,121,153,NA,"kald"
"345",344,121,149,NA,"kald"
"346",345,122,148,NA,"kald"
"347",346,123,147,NA,"kald"
"348",347,124,149,NA,"kald"
"349",348,123,149,NA,"kald"
"350",349,121,149,NA,"kald"
"351",350,121,151,NA,"kald"
"352",351,121,149,NA,"kald"
"353",352,120,148,NA,"kald"
"354",353,119,149,NA,"kald"
"355",354,119,149,NA,"kald"
"356",355,120,149,NA,"kald"
"357",356,119,146,NA,"kald"
"358",357,119,149,NA,"kald"
"359",358,119,148,NA,"kald"
"360",359,119,151,NA,"kald"
"361",360,120,153,NA,"kald"
"362",361,119,152,NA,"kald"
"363",362,120,150,NA,"kald"
"364",363,121,149,NA,"kald"
"365",364,119,149,NA,"kald"
"366",365,119,145,NA,"kald"
"367",366,119,149,NA,"kald"
"368",367,118,148,NA,"kald"
"369",368,118,148,NA,"kald"
"370",369,118,151,NA,"kald"
"371",370,119,147,NA,"kald"
"372",371,121,150,NA,"kald"
"373",372,121,147,NA,"kald"
"374",373,122,149,NA,"kald"
"375",374,123,150,NA,"kald"
"376",375,123,153,NA,"kald"
"377",376,124,154,NA,"kald"
"378",377,124,159,NA,"kald"
"379",378,125,157,NA,"kald"
"380",379,125,160,NA,"kald"
"381",380,125,155,NA,"kald"
"382",381,125,141,NA,"kald"
"383",382,125,144,NA,"kald"
"384",383,124,145,NA,"kald"
"385",384,124,155,NA,"kald"
"386",385,124,164,NA,"kald"
"387",386,126,158,NA,"kald"
"388",387,125,150,NA,"kald"
"389",388,125,154,NA,"kald"
"390",389,126,157,NA,"kald"
"391",390,124,156,NA,"kald"
"392",391,125,156,NA,"kald"
"393",392,125,154,NA,"kald"
"394",393,124,159,NA,"kald"
"395",394,124,157,NA,"kald"
"396",395,124,156,NA,"kald"
"397",396,124,155,NA,"kald"
"398",397,127,154,NA,"kald"
"399",398,127,148,NA,"kald"
"400",399,126,149,NA,"kald"
"401",400,125,155,NA,"kald"
"402",401,125,156,NA,"kald"
"403",402,124,156,NA,"kald"
"404",403,124,159,NA,"kald"
"405",404,124,159,NA,"kald"
"406",405,124,154,NA,"kald"
"407",406,124,156,NA,"kald"
"408",407,124,49,NA,"kald"
"409",408,126,0,NA,"kald"
"410",409,127,0,NA,"kald"
"411",410,127,161,NA,"kald"
"412",411,126,191,NA,"kald"
"413",412,125,154,NA,"kald"
"414",413,124,151,NA,"kald"
"415",414,123,159,NA,"kald"
"416",415,122,158,NA,"kald"
"417",416,122,147,NA,"kald"
"418",417,122,149,NA,"kald"
"419",418,122,149,NA,"kald"
"420",419,122,148,NA,"kald"
"421",420,124,151,NA,"kald"
"422",421,124,150,NA,"kald"
"423",422,125,155,NA,"kald"
"424",423,126,154,NA,"kald"
"425",424,126,151,NA,"kald"
"426",425,125,151,NA,"kald"
"427",426,126,151,NA,"kald"
"428",427,125,147,NA,"kald"
"429",428,126,144,NA,"kald"
"430",429,125,152,NA,"kald"
"431",430,124,148,NA,"kald"
"432",431,124,149,NA,"kald"
"433",432,123,147,NA,"kald"
"434",433,122,152,NA,"kald"
"435",434,122,153,NA,"kald"
"436",435,122,157,NA,"kald"
"437",436,122,155,NA,"kald"
"438",437,121,154,NA,"kald"
"439",438,121,153,NA,"kald"
"440",439,121,149,NA,"kald"
"441",440,123,151,NA,"kald"
"442",441,123,140,NA,"kald"
"443",442,123,148,NA,"kald"
"444",443,122,150,NA,"kald"
"445",444,122,151,NA,"kald"
"446",445,122,149,NA,"kald"
"447",446,123,152,NA,"kald"
"448",447,124,145,NA,"kald"
"449",448,123,150,NA,"kald"
"450",449,123,150,NA,"kald"
"451",450,123,150,NA,"kald"
"452",451,124,151,NA,"kald"
"453",452,125,150,NA,"kald"
"454",453,123,144,NA,"kald"
"455",454,123,146,NA,"kald"
"456",455,122,148,NA,"kald"
"457",456,123,148,NA,"kald"
"458",457,124,146,NA,"kald"
"459",458,124,145,NA,"kald"
"460",459,124,146,NA,"kald"
"461",460,124,151,NA,"kald"
"462",461,124,147,NA,"kald"
"463",462,124,146,NA,"kald"
"464",463,124,145,NA,"kald"
"465",464,124,145,NA,"kald"
"466",465,123,147,NA,"kald"
"467",466,123,146,NA,"kald"
"468",467,123,147,NA,"kald"
"469",468,124,150,NA,"kald"
"470",469,124,150,NA,"kald"
"471",470,124,151,NA,"kald"
"472",471,124,152,NA,"kald"
"473",472,123,150,NA,"kald"
"474",473,122,150,NA,"kald"
"475",474,122,150,NA,"kald"
"476",475,123,144,NA,"kald"
"477",476,124,147,NA,"kald"
"478",477,125,155,NA,"kald"
"479",478,125,161,NA,"kald"
"480",479,125,156,NA,"kald"
"481",480,125,154,NA,"kald"
"482",481,125,149,NA,"kald"
"483",482,126,155,NA,"kald"
"484",483,126,152,NA,"kald"
"485",484,126,153,NA,"kald"
"486",485,126,151,NA,"kald"
"487",486,126,154,NA,"kald"
"488",487,126,154,NA,"kald"
"489",488,126,156,NA,"kald"
"490",489,125,154,NA,"kald"
"491",490,125,156,NA,"kald"
"492",491,125,155,NA,"kald"
"493",492,125,143,NA,"kald"
"494",493,126,144,NA,"kald"
"495",494,126,145,NA,"kald"
"496",495,126,145,NA,"kald"
"497",496,126,146,NA,"kald"
"498",497,125,149,NA,"kald"
"499",498,126,151,NA,"kald"
"500",499,125,152,NA,"kald"
"501",500,125,154,NA,"kald"
"502",501,122,155,NA,"kald"
"503",502,121,19,NA,"kald"
"504",503,120,155,NA,"kald"
"505",504,120,149,NA,"kald"
"506",505,123,145,NA,"kald"
"507",506,124,149,NA,"kald"
"508",507,126,154,NA,"kald"
"509",508,125,151,NA,"kald"
"510",509,124,150,NA,"kald"
"511",510,124,150,NA,"kald"
"512",511,122,147,NA,"kald"
"513",512,122,150,NA,"kald"
"514",513,122,150,NA,"kald"
"515",514,121,146,NA,"kald"
"516",515,121,147,NA,"kald"
"517",516,121,152,NA,"kald"
"518",517,121,143,NA,"kald"
"519",518,120,147,NA,"kald"
"520",519,120,151,NA,"kald"
"521",520,120,147,NA,"kald"
"522",521,119,150,NA,"kald"
"523",522,120,151,NA,"kald"
"524",523,120,138,NA,"kald"
"525",524,121,145,NA,"kald"
"526",525,121,150,NA,"kald"
"527",526,121,146,NA,"kald"
"528",527,119,148,NA,"kald"
"529",528,119,145,NA,"kald"
"530",529,118,147,NA,"kald"
"531",530,117,143,NA,"kald"
"532",531,117,147,NA,"kald"
"533",532,117,145,NA,"kald"
"534",533,118,150,NA,"kald"
"535",534,118,145,NA,"kald"
"536",535,119,150,NA,"kald"
"537",536,117,140,NA,"kald"
"538",537,117,146,NA,"kald"
"539",538,116,150,NA,"kald"
"540",539,116,152,NA,"kald"
"541",540,117,138,NA,"kald"
"542",541,117,145,NA,"kald"
"543",542,117,152,NA,"kald"
"544",543,117,152,NA,"kald"
"545",544,118,153,NA,"kald"
"546",545,121,155,NA,"kald"
"547",546,121,146,NA,"kald"
"548",547,120,145,NA,"kald"
"549",548,120,146,NA,"kald"
"550",549,119,148,NA,"kald"
"551",550,119,152,NA,"kald"
"552",551,119,152,NA,"kald"
"553",552,118,152,NA,"kald"
"554",553,120,151,NA,"kald"
"555",554,119,151,NA,"kald"
"556",555,119,143,NA,"kald"
"557",556,120,146,NA,"kald"
"558",557,119,146,NA,"kald"
"559",558,119,146,NA,"kald"
"560",559,119,148,NA,"kald"
"561",560,119,146,NA,"kald"
"562",561,118,147,NA,"kald"
"563",562,118,147,NA,"kald"
"564",563,119,151,NA,"kald"
"565",564,119,151,NA,"kald"
"566",565,121,151,NA,"kald"
"567",566,120,150,NA,"kald"
"568",567,120,148,NA,"kald"
"569",568,120,146,NA,"kald"
"570",569,120,143,NA,"kald"
"571",570,120,145,NA,"kald"
"572",571,120,146,NA,"kald"
"573",572,121,141,NA,"kald"
"574",573,121,143,NA,"kald"
"575",574,121,146,NA,"kald"
"576",575,122,146,NA,"kald"
"577",576,123,145,NA,"kald"
"578",577,123,147,NA,"kald"
"579",578,124,145,NA,"kald"
"580",579,122,143,NA,"kald"
"581",580,121,146,NA,"kald"
"582",581,121,144,NA,"kald"
"583",582,121,143,NA,"kald"
"584",583,121,145,NA,"kald"
"585",584,122,144,NA,"kald"
"586",585,124,146,NA,"kald"
"587",586,123,145,NA,"kald"
"588",587,123,146,NA,"kald"
"589",588,122,147,NA,"kald"
"590",589,124,149,NA,"kald"
"591",590,124,137,NA,"kald"
"592",591,125,148,NA,"kald"
"593",592,126,171,NA,"kald"
"594",593,129,152,NA,"kald"
"595",594,130,152,NA,"kald"
"596",595,132,152,NA,"kald"
"597",596,132,153,NA,"kald"
"598",597,132,153,NA,"kald"
"599",598,132,157,NA,"kald"
"600",599,130,171,NA,"kald"
"601",600,130,240,NA,"kald"
"602",601,130,187,NA,"kald"
"603",602,129,195,NA,"kald"
"604",603,129,202,NA,"kald"
"605",604,128,196,NA,"kald"
"606",605,127,197,NA,"kald"
"607",606,127,200,NA,"kald"
"608",607,127,197,NA,"kald"
"609",608,128,195,NA,"kald"
"610",609,128,195,NA,"kald"
"611",610,128,195,NA,"kald"
"612",611,128,201,NA,"kald"
"613",612,128,195,NA,"kald"
"614",613,128,195,NA,"kald"
"615",614,128,194,NA,"kald"
"616",615,128,193,NA,"kald"
"617",616,129,196,NA,"kald"
"618",617,129,198,NA,"kald"
"619",618,130,195,NA,"kald"
"620",619,130,195,NA,"kald"
"621",620,130,196,NA,"kald"
"622",621,130,195,NA,"kald"
"623",622,131,195,NA,"kald"
"624",623,131,195,NA,"kald"
"625",624,131,195,NA,"kald"
"626",625,132,194,NA,"kald"
"627",626,132,196,NA,"kald"
"628",627,133,191,NA,"kald"
"629",628,132,193,NA,"kald"
"630",629,132,197,NA,"kald"
"631",630,133,194,NA,"kald"
"632",631,132,194,NA,"kald"
"633",632,133,195,NA,"kald"
"634",633,132,195,NA,"kald"
"635",634,132,196,NA,"kald"
"636",635,131,194,NA,"kald"
"637",636,131,195,NA,"kald"
"638",637,131,195,NA,"kald"
"639",638,132,195,NA,"kald"
"640",639,132,195,NA,"kald"
"641",640,132,193,NA,"kald"
"642",641,132,197,NA,"kald"
"643",642,132,194,NA,"kald"
"644",643,133,195,NA,"kald"
"645",644,133,195,NA,"kald"
"646",645,133,195,NA,"kald"
"647",646,133,194,NA,"kald"
"648",647,134,193,NA,"kald"
"649",648,134,197,NA,"kald"
"650",649,133,196,NA,"kald"
"651",650,134,195,NA,"kald"
"652",651,134,202,NA,"kald"
"653",652,134,195,NA,"kald"
"654",653,134,197,NA,"kald"
"655",654,134,195,NA,"kald"
"656",655,134,195,NA,"kald"
"657",656,134,196,NA,"kald"
"658",657,133,201,NA,"kald"
"659",658,134,197,NA,"kald"
"660",659,134,194,NA,"kald"
"661",660,134,195,NA,"kald"
"662",661,134,195,NA,"kald"
"663",662,134,195,NA,"kald"
"664",663,134,195,NA,"kald"
"665",664,135,195,NA,"kald"
"666",665,135,194,NA,"kald"
"667",666,134,195,NA,"kald"
"668",667,135,196,NA,"kald"
"669",668,134,194,NA,"kald"
"670",669,135,197,NA,"kald"
"671",670,135,195,NA,"kald"
"672",671,136,195,NA,"kald"
"673",672,136,194,NA,"kald"
"674",673,136,195,NA,"kald"
"675",674,137,194,NA,"kald"
"676",675,137,194,NA,"kald"
"677",676,138,196,NA,"kald"
"678",677,137,198,NA,"kald"
"679",678,138,197,NA,"kald"
"680",679,137,199,NA,"kald"
"681",680,138,199,NA,"kald"
"682",681,138,198,NA,"kald"
"683",682,139,193,NA,"kald"
"684",683,140,194,NA,"kald"
"685",684,141,196,NA,"kald"
"686",685,141,198,NA,"kald"
"687",686,142,194,NA,"kald"
"688",687,142,196,NA,"kald"
"689",688,141,193,NA,"kald"
"690",689,141,196,NA,"kald"
"691",690,140,195,NA,"kald"
"692",691,141,193,NA,"kald"
"693",692,141,195,NA,"kald"
"694",693,140,194,NA,"kald"
"695",694,140,194,NA,"kald"
"696",695,140,194,NA,"kald"
"697",696,139,194,NA,"kald"
"698",697,139,193,NA,"kald"
"699",698,139,200,NA,"kald"
"700",699,138,197,NA,"kald"
"701",700,139,195,NA,"kald"
"702",701,138,199,NA,"kald"
"703",702,138,200,NA,"kald"
"704",703,139,198,NA,"kald"
"705",704,139,198,NA,"kald"
"706",705,138,196,NA,"kald"
"707",706,138,194,NA,"kald"
"708",707,138,195,NA,"kald"
"709",708,138,198,NA,"kald"
"710",709,138,204,NA,"kald"
"711",710,138,205,NA,"kald"
"712",711,138,198,NA,"kald"
"713",712,139,199,NA,"kald"
"714",713,139,201,NA,"kald"
"715",714,139,201,NA,"kald"
"716",715,138,198,NA,"kald"
"717",716,139,196,NA,"kald"
"718",717,139,196,NA,"kald"
"719",718,140,195,NA,"kald"
"720",719,139,194,NA,"kald"
"721",720,140,140,NA,"kald"
"722",721,140,17,NA,"kald"
"723",722,140,5,NA,"kald"
"724",723,140,31,NA,"kald"
"725",724,141,0,NA,"kald"
"726",725,140,0,NA,"kald"
"727",726,140,0,NA,"kald"
"728",727,140,0,NA,"kald"
"729",728,141,0,NA,"kald"
"730",729,139,0,NA,"kald"
"731",730,138,0,NA,"kald"
"732",731,136,0,NA,"kald"
"733",732,134,0,NA,"kald"
"734",733,133,0,NA,"kald"
"735",734,133,0,NA,"kald"
"736",735,131,0,NA,"kald"
"737",736,131,0,NA,"kald"
"738",737,132,0,NA,"kald"
"739",738,133,0,NA,"kald"
"740",739,134,0,NA,"kald"
"741",740,133,0,NA,"kald"
"742",741,131,0,NA,"kald"
"743",742,126,0,NA,"kald"
"744",743,126,0,NA,"kald"
"745",744,125,0,NA,"kald"
"746",745,122,0,NA,"kald"
"747",746,122,0,NA,"kald"
"748",747,123,0,NA,"kald"
"749",748,126,0,NA,"kald"
"750",749,130,0,NA,"kald"
"751",750,131,0,NA,"kald"
"752",751,129,0,NA,"kald"
"753",752,125,0,NA,"kald"
"754",768,118,154,NA,"kald"
"755",769,117,75,NA,"kald"
"756",770,119,123,NA,"kald"
"757",771,117,119,NA,"kald"
"758",772,116,113,NA,"kald"
"759",773,116,114,NA,"kald"
"760",774,115,119,NA,"kald"
"761",775,116,118,NA,"kald"
"762",776,116,118,NA,"kald"
"763",777,116,119,NA,"kald"
"764",778,116,116,NA,"kald"
"765",779,115,117,NA,"kald"
"766",780,115,120,NA,"kald"
"767",781,114,118,NA,"kald"
"768",782,112,119,NA,"kald"
"769",783,110,116,NA,"kald"
"770",784,111,123,NA,"kald"
"771",785,112,123,NA,"kald"
"772",786,114,122,NA,"kald"
"773",787,116,123,NA,"kald"
"774",788,117,125,NA,"kald"
"775",789,119,126,NA,"kald"
"776",790,119,128,NA,"kald"
"777",791,119,130,NA,"kald"
"778",792,119,130,NA,"kald"
"779",793,121,156,NA,"kald"
"780",794,121,220,NA,"kald"
"781",795,122,220,NA,"kald"
"782",796,125,248,NA,"kald"
"783",797,126,187,NA,"kald"
"784",798,126,198,NA,"kald"
"785",799,125,198,NA,"kald"
"786",800,123,195,NA,"kald"
"787",801,123,196,NA,"kald"
"788",802,124,192,NA,"kald"
"789",803,125,196,NA,"kald"
"790",804,125,200,NA,"kald"
"791",805,126,198,NA,"kald"
"792",806,127,195,NA,"kald"
"793",807,126,191,NA,"kald"
"794",808,126,196,NA,"kald"
"795",809,126,195,NA,"kald"
"796",810,126,195,NA,"kald"
"797",811,126,196,1,"kald"
"798",812,126,195,1,"kald"
"799",813,127,197,1,"kald"
"800",814,128,196,1,"kald"
"801",815,128,196,1,"kald"
"802",816,128,195,1,"kald"
"803",817,128,195,1,"kald"
"804",818,129,196,1,"kald"
"805",819,129,198,1,"kald"
"806",820,130,197,1,"kald"
"807",821,130,199,1,"kald"
"808",822,130,199,1,"kald"
"809",823,130,197,1,"kald"
"810",824,130,197,1,"kald"
"811",825,131,199,1,"kald"
"812",826,131,199,1,"kald"
"813",827,131,199,1,"kald"
"814",828,132,190,1,"kald"
"815",829,131,194,1,"kald"
"816",830,132,195,1,"kald"
"817",831,131,198,1,"kald"
"818",832,132,200,1,"kald"
"819",833,132,199,1,"kald"
"820",834,132,199,1,"kald"
"821",835,133,199,1,"kald"
"822",836,135,200,1,"kald"
"823",837,136,195,1,"kald"
"824",838,136,197,1,"kald"
"825",839,136,196,1,"kald"
"826",840,136,193,1,"kald"
"827",841,136,194,1,"kald"
"828",842,135,196,1,"kald"
"829",843,135,196,1,"kald"
"830",844,135,202,1,"kald"
"831",845,135,199,1,"kald"
"832",846,135,195,1,"kald"
"833",847,135,196,1,"kald"
"834",848,135,198,1,"kald"
"835",849,135,198,1,"kald"
"836",850,135,198,1,"kald"
"837",851,135,196,1,"kald"
"838",852,136,198,1,"kald"
"839",853,136,198,1,"kald"
"840",854,137,195,1,"kald"
"841",855,136,196,1,"kald"
"842",856,136,198,1,"kald"
"843",857,136,196,1,"kald"
"844",858,136,198,1,"kald"
"845",859,138,197,1,"kald"
"846",860,139,197,1,"kald"
"847",861,139,197,1,"kald"
"848",862,139,195,1,"kald"
"849",863,140,194,1,"kald"
"850",864,140,194,1,"kald"
"851",865,141,198,1,"kald"
"852",866,141,195,1,"kald"
"853",867,142,198,1,"kald"
"854",868,142,197,1,"kald"
"855",869,142,198,1,"kald"
"856",870,142,197,1,"kald"
"857",871,142,197,1,"kald"
"858",872,141,196,1,"kald"
"859",873,141,196,1,"kald"
"860",874,141,196,1,"kald"
"861",875,142,201,1,"kald"
"862",876,142,198,1,"kald"
"863",877,142,198,1,"kald"
"864",878,142,195,1,"kald"
"865",879,142,196,1,"kald"
"866",880,142,197,1,"kald"
"867",881,142,195,1,"kald"
"868",882,142,195,1,"kald"
"869",883,141,196,1,"kald"
"870",884,142,194,1,"kald"
"871",885,142,195,1,"kald"
"872",886,142,196,1,"kald"
"873",887,142,198,1,"kald"
"874",888,142,198,1,"kald"
"875",889,142,199,1,"kald"
"876",890,142,198,1,"kald"
"877",891,143,197,1,"kald"
"878",892,143,198,1,"kald"
"879",893,144,197,1,"kald"
"880",894,143,196,1,"kald"
"881",895,144,194,1,"kald"
"882",896,144,194,1,"kald"
"883",897,144,194,1,"kald"
"884",898,143,199,1,"kald"
"885",899,144,197,1,"kald"
"886",900,144,196,1,"kald"
"887",901,144,197,1,"kald"
"888",902,144,198,1,"kald"
"889",903,144,198,1,"kald"
"890",904,144,199,1,"kald"
"891",905,144,199,1,"kald"
"892",906,145,198,1,"kald"
"893",907,145,198,1,"kald"
"894",908,145,195,1,"kald"
"895",909,144,196,1,"kald"
"896",910,145,194,1,"kald"
"897",911,144,188,1,"kald"
"898",912,144,197,1,"kald"
"899",913,144,199,1,"kald"
"900",914,144,194,1,"kald"
"901",915,144,196,1,"kald"
"902",916,144,193,1,"kald"
"903",917,144,198,1,"kald"
"904",918,144,183,1,"kald"
"905",919,144,192,1,"kald"
"906",920,143,195,1,"kald"
"907",921,143,192,1,"kald"
"908",922,143,194,1,"kald"
"909",923,144,190,1,"kald"
"910",924,143,191,1,"kald"
"911",925,144,198,1,"kald"
"912",926,144,197,1,"kald"
"913",927,145,191,1,"kald"
"914",928,145,191,1,"kald"
"915",929,145,195,1,"kald"
"916",930,145,195,1,"kald"
"917",931,145,196,1,"kald"
"918",932,146,197,1,"kald"
"919",933,146,194,1,"kald"
"920",934,146,196,1,"kald"
"921",935,146,191,1,"kald"
"922",936,147,195,1,"kald"
"923",937,148,196,1,"kald"
"924",938,149,193,1,"kald"
"925",939,148,193,1,"kald"
"926",940,148,194,1,"kald"
"927",941,148,196,1,"kald"
"928",942,148,195,1,"kald"
"929",943,148,195,1,"kald"
"930",944,148,196,1,"kald"
"931",945,147,197,1,"kald"
"932",946,147,195,1,"kald"
"933",947,147,195,1,"kald"
"934",948,148,193,1,"kald"
"935",949,148,193,1,"kald"
"936",950,147,195,1,"kald"
"937",951,147,196,1,"kald"
"938",952,147,195,1,"kald"
"939",953,147,195,1,"kald"
"940",954,147,196,1,"kald"
"941",955,147,199,1,"kald"
"942",956,147,197,1,"kald"
"943",957,146,193,1,"kald"
"944",958,147,191,1,"kald"
"945",959,147,195,1,"kald"
"946",960,147,195,1,"kald"
"947",961,147,195,1,"kald"
"948",962,148,196,1,"kald"
"949",963,148,197,1,"kald"
"950",964,148,195,1,"kald"
"951",965,148,196,1,"kald"
"952",966,149,198,1,"kald"
"953",967,151,191,1,"kald"
"954",968,152,196,1,"kald"
"955",969,152,194,1,"kald"
"956",970,152,194,1,"kald"
"957",971,152,202,1,"kald"
"958",972,152,196,1,"kald"
"959",973,151,197,1,"kald"
"960",974,151,191,1,"kald"
"961",975,149,196,1,"kald"
"962",976,149,195,1,"kald"
"963",977,149,195,1,"kald"
"964",978,149,196,1,"kald"
"965",979,149,195,1,"kald"
"966",980,148,197,1,"kald"
"967",981,148,195,1,"kald"
"968",982,147,196,1,"kald"
"969",983,148,195,1,"kald"
"970",984,148,195,1,"kald"
"971",985,147,195,1,"kald"
"972",986,148,193,1,"kald"
"973",987,148,196,1,"kald"
"974",988,148,195,1,"kald"
"975",989,148,198,1,"kald"
"976",990,148,194,1,"kald"
"977",991,148,204,1,"kald"
"978",992,148,195,1,"kald"
"979",993,148,193,1,"kald"
"980",994,148,195,1,"kald"
"981",995,148,193,1,"kald"
"982",996,148,195,1,"kald"
"983",997,149,195,1,"kald"
"984",998,149,195,1,"kald"
"985",999,149,196,1,"kald"
"986",1000,149,196,1,"kald"
"987",1001,149,194,1,"kald"
"988",1002,149,195,1,"kald"
"989",1003,149,194,1,"kald"
"990",1004,149,196,1,"kald"
"991",1005,149,193,1,"kald"
"992",1006,149,201,1,"kald"
"993",1007,147,193,1,"kald"
"994",1008,149,196,1,"kald"
"995",1009,150,197,1,"kald"
"996",1010,151,197,1,"kald"
"997",1011,151,194,1,"kald"
"998",1012,151,190,1,"kald"
"999",1013,151,194,1,"kald"
"1000",1014,150,196,1,"kald"
"1001",1015,149,196,1,"kald"
"1002",1016,149,190,1,"kald"
"1003",1017,148,194,1,"kald"
"1004",1018,148,196,1,"kald"
"1005",1019,148,195,1,"kald"
"1006",1020,147,194,1,"kald"
"1007",1021,147,195,1,"kald"
"1008",1022,147,190,1,"kald"
"1009",1023,148,197,1,"kald"
"1010",1024,148,199,1,"kald"
"1011",1025,147,194,1,"kald"
"1012",1026,147,197,1,"kald"
"1013",1027,148,196,1,"kald"
"1014",1028,147,198,1,"kald"
"1015",1029,147,200,1,"kald"
"1016",1030,147,194,1,"kald"
"1017",1031,147,195,1,"kald"
"1018",1032,147,195,1,"kald"
"1019",1033,147,196,1,"kald"
"1020",1034,147,195,1,"kald"
"1021",1035,147,195,1,"kald"
"1022",1036,148,194,1,"kald"
"1023",1037,148,195,1,"kald"
"1024",1038,148,191,1,"kald"
"1025",1039,149,195,1,"kald"
"1026",1040,149,196,1,"kald"
"1027",1041,150,195,1,"kald"
"1028",1042,149,194,1,"kald"
"1029",1043,150,194,1,"kald"
"1030",1044,149,196,1,"kald"
"1031",1045,150,191,1,"kald"
"1032",1046,149,195,1,"kald"
"1033",1047,150,196,1,"kald"
"1034",1048,149,195,1,"kald"
"1035",1049,150,196,1,"kald"
"1036",1050,150,195,1,"kald"
"1037",1051,149,194,1,"kald"
"1038",1052,149,194,1,"kald"
"1039",1053,150,197,1,"kald"
"1040",1054,150,194,1,"kald"
"1041",1055,150,193,1,"kald"
"1042",1056,150,194,1,"kald"
"1043",1057,151,194,1,"kald"
"1044",1058,150,194,1,"kald"
"1045",1059,151,193,1,"kald"
"1046",1060,150,196,1,"kald"
"1047",1061,151,195,1,"kald"
"1048",1062,150,197,1,"kald"
"1049",1063,151,195,1,"kald"
"1050",1064,150,196,1,"kald"
"1051",1065,151,196,1,"kald"
"1052",1066,150,193,1,"kald"
"1053",1067,152,194,1,"kald"
"1054",1068,152,195,1,"kald"
"1055",1069,151,196,1,"kald"
"1056",1070,152,196,1,"kald"
"1057",1071,152,195,1,"kald"
"1058",1072,152,200,1,"kald"
"1059",1073,152,195,1,"kald"
"1060",1074,152,189,1,"kald"
"1061",1075,152,195,1,"kald"
"1062",1076,152,195,1,"kald"
"1063",1077,151,195,1,"kald"
"1064",1078,152,194,1,"kald"
"1065",1079,151,194,1,"kald"
"1066",1080,151,195,1,"kald"
"1067",1081,151,193,1,"kald"
"1068",1082,151,196,1,"kald"
"1069",1083,152,195,1,"kald"
"1070",1084,152,196,1,"kald"
"1071",1085,151,190,1,"kald"
"1072",1086,152,197,1,"kald"
"1073",1087,152,195,1,"kald"
"1074",1088,152,195,1,"kald"
"1075",1089,152,194,1,"kald"
"1076",1090,151,196,1,"kald"
"1077",1091,151,194,1,"kald"
"1078",1092,151,193,1,"kald"
"1079",1093,151,188,1,"kald"
"1080",1094,151,194,1,"kald"
"1081",1095,151,195,1,"kald"
"1082",1096,152,200,1,"kald"
"1083",1097,152,195,1,"kald"
"1084",1098,153,196,1,"kald"
"1085",1099,153,194,1,"kald"
"1086",1100,153,195,1,"kald"
"1087",1101,153,193,1,"kald"
"1088",1102,152,196,1,"kald"
"1089",1103,152,196,1,"kald"
"1090",1104,152,195,1,"kald"
"1091",1105,152,194,1,"kald"
"1092",1106,152,196,1,"kald"
"1093",1107,152,194,1,"kald"
"1094",1108,151,195,1,"kald"
"1095",1109,152,195,1,"kald"
"1096",1110,151,195,1,"kald"
"1097",1111,152,197,1,"kald"
"1098",1112,151,195,1,"kald"
"1099",1113,151,195,1,"kald"
"1100",1114,151,194,1,"kald"
"1101",1115,151,194,1,"kald"
"1102",1116,152,194,1,"kald"
"1103",1117,152,193,1,"kald"
"1104",1118,152,196,1,"kald"
"1105",1119,153,190,1,"kald"
"1106",1120,153,195,1,"kald"
"1107",1121,153,196,1,"kald"
"1108",1122,154,193,1,"kald"
"1109",1123,154,194,1,"kald"
"1110",1124,155,195,1,"kald"
"1111",1125,155,183,1,"kald"
"1112",1126,155,194,1,"kald"
"1113",1127,155,194,1,"kald"
"1114",1128,155,191,1,"kald"
"1115",1129,154,194,1,"kald"
"1116",1130,153,195,1,"kald"
"1117",1131,153,196,1,"kald"
"1118",1132,152,194,1,"kald"
"1119",1133,152,195,1,"kald"
"1120",1134,153,196,1,"kald"
"1121",1135,153,195,1,"kald"
"1122",1136,153,195,1,"kald"
"1123",1137,153,193,1,"kald"
"1124",1138,154,196,1,"kald"
"1125",1139,155,195,1,"kald"
"1126",1140,155,195,1,"kald"
"1127",1141,155,194,1,"kald"
"1128",1142,155,196,1,"kald"
"1129",1143,155,197,1,"kald"
"1130",1144,155,194,1,"kald"
"1131",1145,155,194,1,"kald"
"1132",1146,155,195,1,"kald"
"1133",1147,155,195,1,"kald"
"1134",1148,155,193,1,"kald"
"1135",1149,156,196,1,"kald"
"1136",1150,155,196,1,"kald"
"1137",1151,155,194,1,"kald"
"1138",1152,155,194,1,"kald"
"1139",1153,155,194,1,"kald"
"1140",1154,155,194,1,"kald"
"1141",1155,155,194,1,"kald"
"1142",1156,154,196,1,"kald"
"1143",1157,154,194,1,"kald"
"1144",1158,153,195,1,"kald"
"1145",1159,153,195,1,"kald"
"1146",1160,153,193,1,"kald"
"1147",1161,153,195,1,"kald"
"1148",1162,153,194,1,"kald"
"1149",1163,152,195,1,"kald"
"1150",1164,152,200,1,"kald"
"1151",1165,152,195,1,"kald"
"1152",1166,152,194,1,"kald"
"1153",1167,152,194,1,"kald"
"1154",1168,152,195,1,"kald"
"1155",1169,153,190,1,"kald"
"1156",1170,152,195,1,"kald"
"1157",1171,153,195,1,"kald"
"1158",1172,153,196,1,"kald"
"1159",1173,153,195,1,"kald"
"1160",1174,153,193,1,"kald"
"1161",1175,152,195,1,"kald"
"1162",1176,152,196,1,"kald"
"1163",1177,153,196,1,"kald"
"1164",1178,153,197,1,"kald"
"1165",1179,153,196,1,"kald"
"1166",1180,153,193,1,"kald"
"1167",1181,153,194,1,"kald"
"1168",1182,153,195,1,"kald"
"1169",1183,153,196,1,"kald"
"1170",1184,153,200,1,"kald"
"1171",1185,153,194,1,"kald"
"1172",1186,154,195,1,"kald"
"1173",1187,153,194,1,"kald"
"1174",1188,154,190,1,"kald"
"1175",1189,153,191,1,"kald"
"1176",1190,154,194,1,"kald"
"1177",1191,154,193,1,"kald"
"1178",1192,154,195,1,"kald"
"1179",1193,154,194,1,"kald"
"1180",1194,155,198,1,"kald"
"1181",1195,154,191,1,"kald"
"1182",1196,153,195,1,"kald"
"1183",1197,154,205,1,"kald"
"1184",1198,154,199,1,"kald"
"1185",1199,154,196,1,"kald"
"1186",1200,154,194,1,"kald"
"1187",1201,153,194,1,"kald"
"1188",1202,154,191,1,"kald"
"1189",1203,154,196,1,"kald"
"1190",1204,156,194,1,"kald"
"1191",1205,156,191,1,"kald"
"1192",1206,157,194,1,"kald"
"1193",1207,158,196,1,"kald"
"1194",1208,158,194,1,"kald"
"1195",1209,158,195,1,"kald"
"1196",1210,158,197,1,"kald"
"1197",1211,158,190,1,"kald"
"1198",1212,158,195,1,"kald"
"1199",1213,157,194,1,"kald"
"1200",1214,157,195,1,"kald"
"1201",1215,156,195,1,"kald"
"1202",1216,156,194,1,"kald"
"1203",1217,156,194,1,"kald"
"1204",1218,156,200,1,"kald"
"1205",1219,156,197,1,"kald"
"1206",1220,156,197,1,"kald"
"1207",1221,155,195,1,"kald"
"1208",1222,155,195,1,"kald"
"1209",1223,155,191,1,"kald"
"1210",1224,155,194,1,"kald"
"1211",1225,156,195,1,"kald"
"1212",1226,156,195,1,"kald"
"1213",1227,156,188,1,"kald"
"1214",1228,156,202,1,"kald"
"1215",1229,156,195,1,"kald"
"1216",1230,157,195,1,"kald"
"1217",1231,157,195,1,"kald"
"1218",1232,157,195,1,"kald"
"1219",1233,156,195,1,"kald"
"1220",1234,156,195,1,"kald"
"1221",1235,156,195,1,"kald"
"1222",1236,156,201,1,"kald"
"1223",1237,157,196,1,"kald"
"1224",1238,156,195,1,"kald"
"1225",1239,156,195,1,"kald"
"1226",1240,157,194,1,"kald"
"1227",1241,156,195,1,"kald"
"1228",1242,157,195,1,"kald"
"1229",1243,157,196,1,"kald"
"1230",1244,157,194,1,"kald"
"1231",1245,157,192,1,"kald"
"1232",1246,157,196,1,"kald"
"1233",1247,156,195,1,"kald"
"1234",1248,155,194,1,"kald"
"1235",1249,155,195,1,"kald"
"1236",1250,155,198,1,"kald"
"1237",1251,155,194,1,"kald"
"1238",1252,155,194,1,"kald"
"1239",1253,155,196,1,"kald"
"1240",1254,156,190,1,"kald"
"1241",1255,156,194,1,"kald"
"1242",1256,156,194,1,"kald"
"1243",1257,156,194,1,"kald"
"1244",1258,157,195,1,"kald"
"1245",1259,158,194,1,"kald"
"1246",1260,157,194,1,"kald"
"1247",1261,158,190,1,"kald"
"1248",1262,159,196,1,"kald"
"1249",1263,160,189,1,"kald"
"1250",1264,160,196,1,"kald"
"1251",1265,160,196,1,"kald"
"1252",1266,159,195,1,"kald"
"1253",1267,159,196,1,"kald"
"1254",1268,158,197,1,"kald"
"1255",1269,157,193,1,"kald"
"1256",1270,157,187,1,"kald"
"1257",1271,156,200,1,"kald"
"1258",1272,156,197,1,"kald"
"1259",1273,156,196,1,"kald"
"1260",1274,155,195,1,"kald"
"1261",1275,155,194,1,"kald"
"1262",1276,155,196,1,"kald"
"1263",1277,154,196,1,"kald"
"1264",1278,155,194,1,"kald"
"1265",1279,155,194,1,"kald"
"1266",1280,156,193,1,"kald"
"1267",1281,156,195,1,"kald"
"1268",1282,155,197,1,"kald"
"1269",1283,156,194,1,"kald"
"1270",1284,156,196,1,"kald"
"1271",1285,156,196,1,"kald"
"1272",1286,156,195,1,"kald"
"1273",1287,155,195,1,"kald"
"1274",1288,155,194,1,"kald"
"1275",1289,155,196,1,"kald"
"1276",1290,156,194,1,"kald"
"1277",1291,156,194,1,"kald"
"1278",1292,156,191,1,"kald"
"1279",1293,156,194,1,"kald"
"1280",1294,156,194,1,"kald"
"1281",1295,156,194,1,"kald"
"1282",1296,156,191,1,"kald"
"1283",1297,156,197,1,"kald"
"1284",1298,156,195,1,"kald"
"1285",1299,155,195,1,"kald"
"1286",1300,156,196,1,"kald"
"1287",1301,156,195,1,"kald"
"1288",1302,156,195,1,"kald"
"1289",1303,155,193,1,"kald"
"1290",1304,155,199,1,"kald"
"1291",1305,156,194,1,"kald"
"1292",1306,156,193,1,"kald"
"1293",1307,156,194,1,"kald"
"1294",1308,156,193,1,"kald"
"1295",1309,156,188,1,"kald"
"1296",1310,157,190,1,"kald"
"1297",1311,157,200,1,"kald"
"1298",1312,158,196,1,"kald"
"1299",1313,157,194,1,"kald"
"1300",1314,158,197,1,"kald"
"1301",1315,157,199,1,"kald"
"1302",1316,158,195,1,"kald"
"1303",1317,158,196,1,"kald"
"1304",1318,158,191,1,"kald"
"1305",1319,157,191,1,"kald"
"1306",1320,158,195,1,"kald"
"1307",1321,157,195,1,"kald"
"1308",1322,158,191,1,"kald"
"1309",1323,158,199,1,"kald"
"1310",1324,157,197,1,"kald"
"1311",1325,157,197,1,"kald"
"1312",1326,157,198,1,"kald"
"1313",1327,157,196,1,"kald"
"1314",1328,157,195,1,"kald"
"1315",1329,157,188,1,"kald"
"1316",1330,157,195,1,"kald"
"1317",1331,157,183,1,"kald"
"1318",1332,157,191,1,"kald"
"1319",1333,157,194,1,"kald"
"1320",1334,157,197,1,"kald"
"1321",1335,156,197,1,"kald"
"1322",1336,157,195,1,"kald"
"1323",1337,157,195,1,"kald"
"1324",1338,157,195,1,"kald"
"1325",1339,156,194,1,"kald"
"1326",1340,157,196,1,"kald"
"1327",1341,157,196,1,"kald"
"1328",1342,158,194,1,"kald"
"1329",1343,158,196,1,"kald"
"1330",1344,158,187,1,"kald"
"1331",1345,158,194,1,"kald"
"1332",1346,158,198,1,"kald"
"1333",1347,158,194,1,"kald"
"1334",1348,159,194,1,"kald"
"1335",1349,159,191,1,"kald"
"1336",1350,159,195,1,"kald"
"1337",1351,159,195,1,"kald"
"1338",1352,158,196,1,"kald"
"1339",1353,158,195,1,"kald"
"1340",1354,158,196,1,"kald"
"1341",1355,158,190,1,"kald"
"1342",1356,159,194,1,"kald"
"1343",1357,159,194,1,"kald"
"1344",1358,159,196,1,"kald"
"1345",1359,160,194,1,"kald"
"1346",1360,159,196,1,"kald"
"1347",1361,160,209,1,"kald"
"1348",1362,160,196,1,"kald"
"1349",1363,160,194,1,"kald"
"1350",1364,160,193,1,"kald"
"1351",1365,160,191,1,"kald"
"1352",1366,160,195,1,"kald"
"1353",1367,160,192,1,"kald"
"1354",1368,160,196,1,"kald"
"1355",1369,160,195,1,"kald"
"1356",1370,161,196,1,"kald"
"1357",1371,160,188,1,"kald"
"1358",1372,160,195,1,"kald"
"1359",1373,160,194,1,"kald"
"1360",1374,161,193,1,"kald"
"1361",1375,160,196,1,"kald"
"1362",1376,160,194,1,"kald"
"1363",1377,159,195,1,"kald"
"1364",1378,159,196,1,"kald"
"1365",1379,159,194,1,"kald"
"1366",1380,158,196,1,"kald"
"1367",1381,158,194,1,"kald"
"1368",1382,158,194,1,"kald"
"1369",1383,158,196,1,"kald"
"1370",1384,159,196,1,"kald"
"1371",1385,158,191,1,"kald"
"1372",1386,158,194,1,"kald"
"1373",1387,159,206,1,"kald"
"1374",1388,159,197,1,"kald"
"1375",1389,158,196,1,"kald"
"1376",1390,158,194,1,"kald"
"1377",1391,157,196,1,"kald"
"1378",1392,158,193,1,"kald"
"1379",1393,158,195,1,"kald"
"1380",1394,159,196,1,"kald"
"1381",1395,159,194,1,"kald"
"1382",1396,159,31,1,"kald"
"1383",1397,159,38,1,"kald"
"1384",1398,158,0,1,"kald"
"1385",1399,158,0,1,"kald"
"1386",1400,157,0,1,"kald"
"1387",1401,156,0,1,"kald"
"1388",1402,156,0,1,"kald"
"1389",1403,156,0,1,"kald"
"1390",1404,156,0,1,"kald"
"1391",1405,156,0,1,"kald"
"1392",1406,156,0,1,"kald"
"1393",1407,155,0,1,"kald"
"1394",1408,156,0,1,"kald"
"1395",1409,155,0,1,"kald"
"1396",1410,155,0,NA,"kald"
"1397",1411,155,0,NA,"kald"
"1398",1412,154,0,NA,"kald"
"1399",1413,154,0,NA,"kald"
"1400",1414,154,0,NA,"kald"
"1401",1415,154,0,NA,"kald"
"1402",1416,153,0,NA,"kald"
"1403",1417,153,0,NA,"kald"
"1404",1418,153,0,NA,"kald"
"1405",1419,151,0,NA,"kald"
"1406",1420,151,0,NA,"kald"
"1407",1421,150,0,NA,"kald"
"1408",1422,149,0,NA,"kald"
"1409",1423,149,0,NA,"kald"
"1410",1424,147,0,NA,"kald"
"1411",1425,145,0,NA,"kald"
"1412",1432,143,47,NA,"kald"
"1413",1433,145,43,NA,"kald"
"1414",1434,147,78,NA,"kald"
"1415",1435,147,89,NA,"kald"
"1416",1436,148,91,NA,"kald"
"1417",1437,148,90,NA,"kald"
"1418",1438,148,115,NA,"kald"
"1419",1439,149,111,NA,"kald"
"1420",1440,149,112,NA,"kald"
"1421",1441,147,112,NA,"kald"
"1422",1442,145,119,NA,"kald"
"1423",1443,143,115,NA,"kald"
"1424",1444,138,114,NA,"kald"
"1425",1445,135,118,NA,"kald"
"1426",1446,134,116,NA,"kald"
"1427",1447,132,116,NA,"kald"
"1428",1448,132,113,NA,"kald"
"1429",1449,131,116,NA,"kald"
"1430",1450,130,114,NA,"kald"
"1431",1451,130,113,NA,"kald"
"1432",1452,130,115,NA,"kald"
"1433",1453,132,114,NA,"kald"
"1434",1454,132,107,NA,"kald"
"1435",1455,132,114,NA,"kald"
"1436",1456,133,117,NA,"kald"
"1437",1457,132,119,NA,"kald"
"1438",1458,132,115,NA,"kald"
"1439",1459,132,118,NA,"kald"
"1440",1460,132,116,NA,"kald"
"1441",1461,132,117,NA,"kald"
"1442",1462,132,0,NA,"kald"
"1443",1463,132,0,NA,"kald"
"1444",1464,133,147,NA,"kald"
"1445",1465,132,132,NA,"kald"
"1446",1466,132,139,NA,"kald"
"1447",1467,131,117,NA,"kald"
"1448",1468,131,115,NA,"kald"
"1449",1469,131,115,NA,"kald"
"1450",1470,131,114,NA,"kald"
"1451",1471,132,115,NA,"kald"
"1452",1472,134,115,NA,"kald"
"1453",1473,135,116,NA,"kald"
"1454",1474,134,115,NA,"kald"
"1455",1475,133,111,NA,"kald"
"1456",1476,133,116,NA,"kald"
"1457",1477,133,117,NA,"kald"
"1458",1478,132,116,NA,"kald"
"1459",1479,131,124,NA,"kald"
"1460",1480,130,44,NA,"kald"
"1461",1481,129,0,NA,"kald"
"1462",1482,129,0,NA,"kald"
"1463",1483,129,0,NA,"kald"
"1464",1484,124,0,NA,"kald"
"1465",1485,119,0,NA,"kald"
"1466",1486,117,0,NA,"kald"
"1467",1487,117,0,NA,"kald"
"1468",1488,118,0,NA,"kald"
"1469",1489,119,0,NA,"kald"
"1470",1490,119,0,NA,"kald"
"1471",1491,119,0,NA,"kald"
"1472",1492,119,0,NA,"kald"
"1473",1493,118,0,NA,"kald"
"1474",1494,119,0,NA,"kald"
"1475",1495,119,0,NA,"kald"
"1476",1496,121,572,NA,"kald"
"1477",1497,123,154,NA,"kald"
"1478",1498,125,115,NA,"kald"
"1479",1499,127,103,NA,"kald"
"1480",1500,127,98,NA,"kald"
"1481",1501,125,114,NA,"kald"
"1482",1502,122,115,NA,"kald"
"1483",1503,121,135,NA,"kald"
"1484",1504,120,127,NA,"kald"
"1485",1505,119,117,NA,"kald"
"1486",1506,118,117,NA,"kald"
"1487",1507,118,117,NA,"kald"
"1488",1508,119,117,NA,"kald"
"1489",1509,120,121,NA,"kald"
"1490",1510,121,120,NA,"kald"
"1491",1511,120,121,NA,"kald"
"1492",1512,120,121,NA,"kald"
"1493",1513,120,123,NA,"kald"
"1494",1514,121,121,NA,"kald"
"1495",1515,128,121,NA,"kald"
"1496",1516,128,116,NA,"kald"
"1497",1517,128,117,NA,"kald"
"1498",1518,128,114,NA,"kald"
"1499",1519,127,124,NA,"kald"
"1500",1520,127,120,NA,"kald"
"1501",1521,127,30,NA,"kald"
"1502",1522,126,0,NA,"kald"
"1503",1523,125,0,NA,"kald"
"1504",1524,122,0,NA,"kald"
"1505",1525,117,0,NA,"kald"
"1506",1526,116,0,NA,"kald"
"1507",1527,115,0,NA,"kald"
"1508",1528,115,0,NA,"kald"
"1509",1529,116,0,NA,"kald"
"1510",1530,117,0,NA,"kald"
"1511",1531,118,8,NA,"kald"
"1512",1532,121,261,NA,"kald"
"1513",1533,123,120,NA,"kald"
"1514",1534,124,40,NA,"kald"
"1515",1535,124,0,NA,"kald"
"1516",1536,124,0,NA,"kald"
"1517",1537,123,189,NA,"kald"
"1518",1538,122,124,NA,"kald"
"1519",1539,122,124,NA,"kald"
"1520",1540,123,124,NA,"kald"
"1521",1541,123,122,NA,"kald"
"1522",1542,124,122,NA,"kald"
"1523",1543,123,122,NA,"kald"
"1524",1544,123,123,NA,"kald"
"1525",1545,122,124,NA,"kald"
"1526",1546,122,126,NA,"kald"
"1527",1547,122,124,NA,"kald"
"1528",1548,121,120,NA,"kald"
"1529",1549,121,121,NA,"kald"
"1530",1550,121,117,NA,"kald"
"1531",1551,121,117,NA,"kald"
"1532",1552,120,117,NA,"kald"
"1533",1553,120,119,NA,"kald"
"1534",1554,120,122,NA,"kald"
"1535",1555,120,122,NA,"kald"
"1536",1556,121,122,NA,"kald"
"1537",1557,121,124,NA,"kald"
"1538",1558,122,124,NA,"kald"
"1539",1559,123,124,NA,"kald"
"1540",1560,123,126,NA,"kald"
"1541",1561,123,125,NA,"kald"
"1542",1562,124,125,NA,"kald"
"1543",1563,125,125,NA,"kald"
"1544",1564,125,123,NA,"kald"
"1545",1565,126,124,NA,"kald"
"1546",1566,125,123,NA,"kald"
"1547",1567,125,114,NA,"kald"
"1548",1568,125,117,NA,"kald"
"1549",1569,126,117,NA,"kald"
"1550",1570,126,115,NA,"kald"
"1551",1571,126,115,NA,"kald"
"1552",1572,126,112,NA,"kald"
"1553",1573,126,108,NA,"kald"
"1554",1574,126,115,NA,"kald"
"1555",1575,127,115,NA,"kald"
"1556",1576,127,157,NA,"kald"
"1557",1577,130,152,NA,"kald"
"1558",1578,131,146,NA,"kald"
"1559",1579,132,151,NA,"kald"
"1560",1580,132,178,NA,"kald"
"1561",1581,134,167,NA,"kald"
"1562",1582,135,195,NA,"kald"
"1563",1583,134,195,NA,"kald"
"1564",1584,133,197,NA,"kald"
"1565",1585,132,225,NA,"kald"
"1566",1586,131,196,NA,"kald"
"1567",1587,131,172,NA,"kald"
"1568",1588,131,188,NA,"kald"
"1569",1589,130,193,NA,"kald"
"1570",1590,130,189,NA,"kald"
"1571",1591,130,191,2,"kald"
"1572",1592,130,196,2,"kald"
"1573",1593,131,200,2,"kald"
"1574",1594,132,196,2,"kald"
"1575",1595,132,196,2,"kald"
"1576",1596,132,190,2,"kald"
"1577",1597,133,195,2,"kald"
"1578",1598,133,194,2,"kald"
"1579",1599,133,194,2,"kald"
"1580",1600,134,187,2,"kald"
"1581",1601,134,196,2,"kald"
"1582",1602,133,191,2,"kald"
"1583",1603,134,196,2,"kald"
"1584",1604,133,195,2,"kald"
"1585",1605,134,195,2,"kald"
"1586",1606,134,194,2,"kald"
"1587",1607,134,196,2,"kald"
"1588",1608,134,195,2,"kald"
"1589",1609,134,197,2,"kald"
"1590",1610,134,195,2,"kald"
"1591",1611,135,194,2,"kald"
"1592",1612,135,193,2,"kald"
"1593",1613,136,194,2,"kald"
"1594",1614,137,191,2,"kald"
"1595",1615,137,195,2,"kald"
"1596",1616,138,195,2,"kald"
"1597",1617,138,196,2,"kald"
"1598",1618,138,195,2,"kald"
"1599",1619,138,195,2,"kald"
"1600",1620,138,190,2,"kald"
"1601",1621,139,197,2,"kald"
"1602",1622,139,196,2,"kald"
"1603",1623,140,194,2,"kald"
"1604",1624,139,195,2,"kald"
"1605",1625,141,196,2,"kald"
"1606",1626,141,191,2,"kald"
"1607",1627,141,195,2,"kald"
"1608",1628,141,191,2,"kald"
"1609",1629,141,196,2,"kald"
"1610",1630,141,194,2,"kald"
"1611",1631,141,191,2,"kald"
"1612",1632,141,196,2,"kald"
"1613",1633,142,196,2,"kald"
"1614",1634,142,195,2,"kald"
"1615",1635,142,194,2,"kald"
"1616",1636,143,195,2,"kald"
"1617",1637,143,196,2,"kald"
"1618",1638,144,194,2,"kald"
"1619",1639,144,194,2,"kald"
"1620",1640,144,194,2,"kald"
"1621",1641,144,193,2,"kald"
"1622",1642,145,194,2,"kald"
"1623",1643,146,193,2,"kald"
"1624",1644,146,194,2,"kald"
"1625",1645,146,193,2,"kald"
"1626",1646,147,194,2,"kald"
"1627",1647,148,194,2,"kald"
"1628",1648,148,197,2,"kald"
"1629",1649,150,191,2,"kald"
"1630",1650,151,196,2,"kald"
"1631",1651,151,196,2,"kald"
"1632",1652,153,195,2,"kald"
"1633",1653,153,193,2,"kald"
"1634",1654,153,197,2,"kald"
"1635",1655,153,193,2,"kald"
"1636",1656,153,197,2,"kald"
"1637",1657,153,195,2,"kald"
"1638",1658,153,195,2,"kald"
"1639",1659,152,196,2,"kald"
"1640",1660,153,194,2,"kald"
"1641",1661,153,197,2,"kald"
"1642",1662,153,194,2,"kald"
"1643",1663,154,193,2,"kald"
"1644",1664,154,196,2,"kald"
"1645",1665,155,194,2,"kald"
"1646",1666,155,197,2,"kald"
"1647",1667,155,193,2,"kald"
"1648",1668,156,193,2,"kald"
"1649",1669,156,193,2,"kald"
"1650",1670,156,198,2,"kald"
"1651",1671,156,195,2,"kald"
"1652",1672,156,199,2,"kald"
"1653",1673,156,197,2,"kald"
"1654",1674,156,197,2,"kald"
"1655",1675,156,193,2,"kald"
"1656",1676,156,196,2,"kald"
"1657",1677,156,194,2,"kald"
"1658",1678,157,195,2,"kald"
"1659",1679,156,190,2,"kald"
"1660",1680,157,197,2,"kald"
"1661",1681,156,191,2,"kald"
"1662",1682,157,190,2,"kald"
"1663",1683,157,195,2,"kald"
"1664",1684,156,200,2,"kald"
"1665",1685,157,196,2,"kald"
"1666",1686,157,195,2,"kald"
"1667",1687,156,196,2,"kald"
"1668",1688,156,190,2,"kald"
"1669",1689,155,194,2,"kald"
"1670",1690,156,211,2,"kald"
"1671",1691,156,196,2,"kald"
"1672",1692,155,197,2,"kald"
"1673",1693,155,193,2,"kald"
"1674",1694,155,196,2,"kald"
"1675",1695,155,193,2,"kald"
"1676",1696,155,199,2,"kald"
"1677",1697,155,198,2,"kald"
"1678",1698,154,199,2,"kald"
"1679",1699,155,196,2,"kald"
"1680",1700,154,196,2,"kald"
"1681",1701,155,195,2,"kald"
"1682",1702,155,195,2,"kald"
"1683",1703,155,194,2,"kald"
"1684",1704,154,193,2,"kald"
"1685",1705,154,190,2,"kald"
"1686",1706,154,195,2,"kald"
"1687",1707,154,200,2,"kald"
"1688",1708,154,188,2,"kald"
"1689",1709,155,196,2,"kald"
"1690",1710,154,195,2,"kald"
"1691",1711,155,195,2,"kald"
"1692",1712,155,196,2,"kald"
"1693",1713,155,195,2,"kald"
"1694",1714,155,195,2,"kald"
"1695",1715,155,194,2,"kald"
"1696",1716,156,196,2,"kald"
"1697",1717,155,194,2,"kald"
"1698",1718,155,194,2,"kald"
"1699",1719,155,195,2,"kald"
"1700",1720,155,195,2,"kald"
"1701",1721,155,196,2,"kald"
"1702",1722,155,195,2,"kald"
"1703",1723,155,197,2,"kald"
"1704",1724,156,196,2,"kald"
"1705",1725,155,199,2,"kald"
"1706",1726,156,189,2,"kald"
"1707",1727,156,197,2,"kald"
"1708",1728,156,194,2,"kald"
"1709",1729,156,194,2,"kald"
"1710",1730,157,196,2,"kald"
"1711",1731,157,191,2,"kald"
"1712",1732,157,196,2,"kald"
"1713",1733,158,191,2,"kald"
"1714",1734,159,194,2,"kald"
"1715",1735,160,195,2,"kald"
"1716",1736,160,196,2,"kald"
"1717",1737,159,195,2,"kald"
"1718",1738,159,191,2,"kald"
"1719",1739,158,191,2,"kald"
"1720",1740,158,194,2,"kald"
"1721",1741,158,195,2,"kald"
"1722",1742,157,194,2,"kald"
"1723",1743,158,196,2,"kald"
"1724",1744,157,203,2,"kald"
"1725",1745,156,195,2,"kald"
"1726",1746,157,197,2,"kald"
"1727",1747,155,195,2,"kald"
"1728",1748,156,194,2,"kald"
"1729",1749,156,196,2,"kald"
"1730",1750,157,192,2,"kald"
"1731",1751,156,195,2,"kald"
"1732",1752,156,195,2,"kald"
"1733",1753,156,195,2,"kald"
"1734",1754,156,194,2,"kald"
"1735",1755,157,196,2,"kald"
"1736",1756,157,195,2,"kald"
"1737",1757,157,195,2,"kald"
"1738",1758,157,191,2,"kald"
"1739",1759,157,196,2,"kald"
"1740",1760,157,194,2,"kald"
"1741",1761,158,197,2,"kald"
"1742",1762,157,194,2,"kald"
"1743",1763,158,194,2,"kald"
"1744",1764,158,194,2,"kald"
"1745",1765,158,196,2,"kald"
"1746",1766,157,195,2,"kald"
"1747",1767,157,195,2,"kald"
"1748",1768,158,195,2,"kald"
"1749",1769,158,195,2,"kald"
"1750",1770,157,195,2,"kald"
"1751",1771,158,195,2,"kald"
"1752",1772,158,197,2,"kald"
"1753",1773,157,198,2,"kald"
"1754",1774,158,195,2,"kald"
"1755",1775,157,193,2,"kald"
"1756",1776,158,194,2,"kald"
"1757",1777,158,193,2,"kald"
"1758",1778,158,194,2,"kald"
"1759",1779,158,196,2,"kald"
"1760",1780,157,195,2,"kald"
"1761",1781,158,195,2,"kald"
"1762",1782,157,196,2,"kald"
"1763",1783,157,195,2,"kald"
"1764",1784,157,196,2,"kald"
"1765",1785,157,194,2,"kald"
"1766",1786,157,194,2,"kald"
"1767",1787,157,193,2,"kald"
"1768",1788,157,196,2,"kald"
"1769",1789,158,195,2,"kald"
"1770",1790,158,195,2,"kald"
"1771",1791,158,196,2,"kald"
"1772",1792,159,197,2,"kald"
"1773",1793,159,195,2,"kald"
"1774",1794,159,195,2,"kald"
"1775",1795,159,194,2,"kald"
"1776",1796,159,195,2,"kald"
"1777",1797,159,194,2,"kald"
"1778",1798,159,194,2,"kald"
"1779",1799,159,188,2,"kald"
"1780",1800,161,193,2,"kald"
"1781",1801,160,194,2,"kald"
"1782",1802,160,194,2,"kald"
"1783",1803,161,196,2,"kald"
"1784",1804,160,196,2,"kald"
"1785",1805,161,190,2,"kald"
"1786",1806,161,194,2,"kald"
"1787",1807,161,196,2,"kald"
"1788",1808,160,198,2,"kald"
"1789",1809,161,197,2,"kald"
"1790",1810,160,196,2,"kald"
"1791",1811,160,195,2,"kald"
"1792",1812,160,196,2,"kald"
"1793",1813,160,196,2,"kald"
"1794",1814,159,195,2,"kald"
"1795",1815,159,194,2,"kald"
"1796",1816,159,194,2,"kald"
"1797",1817,159,194,2,"kald"
"1798",1818,159,198,2,"kald"
"1799",1819,159,197,2,"kald"
"1800",1820,159,197,2,"kald"
"1801",1821,159,197,2,"kald"
"1802",1822,160,196,2,"kald"
"1803",1823,159,195,2,"kald"
"1804",1824,159,196,2,"kald"
"1805",1825,159,195,2,"kald"
"1806",1826,159,192,2,"kald"
"1807",1827,159,195,2,"kald"
"1808",1828,159,195,2,"kald"
"1809",1829,159,194,2,"kald"
"1810",1830,161,194,2,"kald"
"1811",1831,162,195,2,"kald"
"1812",1832,162,195,2,"kald"
"1813",1833,162,197,2,"kald"
"1814",1834,163,194,2,"kald"
"1815",1835,162,194,2,"kald"
"1816",1836,162,197,2,"kald"
"1817",1837,162,195,2,"kald"
"1818",1838,163,195,2,"kald"
"1819",1839,164,194,2,"kald"
"1820",1840,164,196,2,"kald"
"1821",1841,166,196,2,"kald"
"1822",1842,166,194,2,"kald"
"1823",1843,167,196,2,"kald"
"1824",1844,166,194,2,"kald"
"1825",1845,166,194,2,"kald"
"1826",1846,164,191,2,"kald"
"1827",1847,164,195,2,"kald"
"1828",1848,163,199,2,"kald"
"1829",1849,163,194,2,"kald"
"1830",1850,162,194,2,"kald"
"1831",1851,162,196,2,"kald"
"1832",1852,161,194,2,"kald"
"1833",1853,161,195,2,"kald"
"1834",1854,160,197,2,"kald"
"1835",1855,160,196,2,"kald"
"1836",1856,159,195,2,"kald"
"1837",1857,159,195,2,"kald"
"1838",1858,158,195,2,"kald"
"1839",1859,159,195,2,"kald"
"1840",1860,159,195,2,"kald"
"1841",1861,159,194,2,"kald"
"1842",1862,159,194,2,"kald"
"1843",1863,159,194,2,"kald"
"1844",1864,158,199,2,"kald"
"1845",1865,158,191,2,"kald"
"1846",1866,158,194,2,"kald"
"1847",1867,158,197,2,"kald"
"1848",1868,159,194,2,"kald"
"1849",1869,160,195,2,"kald"
"1850",1870,161,195,2,"kald"
"1851",1871,161,196,2,"kald"
"1852",1872,161,195,2,"kald"
"1853",1873,161,197,2,"kald"
"1854",1874,161,194,2,"kald"
"1855",1875,160,195,2,"kald"
"1856",1876,160,195,2,"kald"
"1857",1877,159,196,2,"kald"
"1858",1878,159,32,2,"kald"
"1859",1879,158,90,2,"kald"
"1860",1880,159,228,2,"kald"
"1861",1881,158,190,2,"kald"
"1862",1882,158,197,2,"kald"
"1863",1883,159,197,2,"kald"
"1864",1884,159,198,2,"kald"
"1865",1885,158,195,2,"kald"
"1866",1886,159,195,2,"kald"
"1867",1887,158,195,2,"kald"
"1868",1888,157,196,2,"kald"
"1869",1889,157,191,2,"kald"
"1870",1890,158,195,2,"kald"
"1871",1891,160,191,2,"kald"
"1872",1892,160,195,2,"kald"
"1873",1893,159,195,2,"kald"
"1874",1894,160,195,2,"kald"
"1875",1895,161,195,2,"kald"
"1876",1896,162,191,2,"kald"
"1877",1897,162,196,2,"kald"
"1878",1898,162,195,2,"kald"
"1879",1899,161,197,2,"kald"
"1880",1900,160,193,2,"kald"
"1881",1901,160,194,2,"kald"
"1882",1902,159,195,2,"kald"
"1883",1903,160,195,2,"kald"
"1884",1904,161,189,2,"kald"
"1885",1905,160,196,2,"kald"
"1886",1906,161,197,2,"kald"
"1887",1907,161,195,2,"kald"
"1888",1908,160,192,2,"kald"
"1889",1909,161,198,2,"kald"
"1890",1910,161,193,2,"kald"
"1891",1911,160,194,2,"kald"
"1892",1912,160,196,2,"kald"
"1893",1913,160,203,2,"kald"
"1894",1914,161,50,2,"kald"
"1895",1915,161,150,2,"kald"
"1896",1916,160,207,2,"kald"
"1897",1917,160,200,2,"kald"
"1898",1918,159,199,2,"kald"
"1899",1919,159,203,2,"kald"
"1900",1920,158,200,2,"kald"
"1901",1921,158,200,2,"kald"
"1902",1922,158,190,2,"kald"
"1903",1923,159,190,2,"kald"
"1904",1924,159,192,2,"kald"
"1905",1925,160,193,2,"kald"
"1906",1926,160,193,2,"kald"
"1907",1927,160,190,2,"kald"
"1908",1928,159,199,2,"kald"
"1909",1929,159,201,2,"kald"
"1910",1930,158,199,2,"kald"
"1911",1931,158,202,2,"kald"
"1912",1932,157,195,2,"kald"
"1913",1933,157,191,2,"kald"
"1914",1934,157,191,2,"kald"
"1915",1935,156,187,2,"kald"
"1916",1936,156,195,2,"kald"
"1917",1937,155,196,2,"kald"
"1918",1938,156,196,2,"kald"
"1919",1939,155,194,2,"kald"
"1920",1940,155,195,2,"kald"
"1921",1941,155,196,2,"kald"
"1922",1942,156,196,2,"kald"
"1923",1943,156,195,2,"kald"
"1924",1944,156,190,2,"kald"
"1925",1945,156,194,2,"kald"
"1926",1946,156,196,2,"kald"
"1927",1947,156,198,2,"kald"
"1928",1948,157,193,2,"kald"
"1929",1949,156,197,2,"kald"
"1930",1950,156,197,2,"kald"
"1931",1951,157,196,2,"kald"
"1932",1952,157,196,2,"kald"
"1933",1953,157,196,2,"kald"
"1934",1954,157,195,2,"kald"
"1935",1955,158,196,2,"kald"
"1936",1956,158,196,2,"kald"
"1937",1957,158,196,2,"kald"
"1938",1958,158,195,2,"kald"
"1939",1959,158,195,2,"kald"
"1940",1960,158,195,2,"kald"
"1941",1961,159,195,2,"kald"
"1942",1962,159,194,2,"kald"
"1943",1963,159,191,2,"kald"
"1944",1964,159,196,2,"kald"
"1945",1965,159,190,2,"kald"
"1946",1966,159,195,2,"kald"
"1947",1967,160,197,2,"kald"
"1948",1968,160,191,2,"kald"
"1949",1969,160,199,2,"kald"
"1950",1970,159,196,2,"kald"
"1951",1971,159,196,2,"kald"
"1952",1972,159,188,2,"kald"
"1953",1973,159,196,2,"kald"
"1954",1974,159,193,2,"kald"
"1955",1975,159,196,2,"kald"
"1956",1976,159,189,2,"kald"
"1957",1977,158,196,2,"kald"
"1958",1978,158,195,2,"kald"
"1959",1979,159,195,2,"kald"
"1960",1980,158,191,2,"kald"
"1961",1981,159,193,2,"kald"
"1962",1982,159,194,2,"kald"
"1963",1983,159,195,2,"kald"
"1964",1984,158,196,2,"kald"
"1965",1985,158,196,2,"kald"
"1966",1986,158,192,2,"kald"
"1967",1987,157,196,2,"kald"
"1968",1988,157,188,2,"kald"
"1969",1989,156,194,2,"kald"
"1970",1990,157,194,2,"kald"
"1971",1991,157,194,2,"kald"
"1972",1992,157,191,2,"kald"
"1973",1993,157,195,2,"kald"
"1974",1994,156,200,2,"kald"
"1975",1995,156,197,2,"kald"
"1976",1996,156,196,2,"kald"
"1977",1997,157,194,2,"kald"
"1978",1998,157,192,2,"kald"
"1979",1999,157,193,2,"kald"
"1980",2000,156,197,2,"kald"
"1981",2001,157,196,2,"kald"
"1982",2002,156,195,2,"kald"
"1983",2003,157,196,2,"kald"
"1984",2004,157,196,2,"kald"
"1985",2005,157,195,2,"kald"
"1986",2006,157,196,2,"kald"
"1987",2007,158,197,2,"kald"
"1988",2008,159,195,2,"kald"
"1989",2009,159,195,2,"kald"
"1990",2010,159,195,2,"kald"
"1991",2011,159,191,2,"kald"
"1992",2012,159,195,2,"kald"
"1993",2013,160,194,2,"kald"
"1994",2014,161,193,2,"kald"
"1995",2015,162,195,2,"kald"
"1996",2016,161,194,2,"kald"
"1997",2017,162,195,2,"kald"
"1998",2018,161,194,2,"kald"
"1999",2019,161,195,2,"kald"
"2000",2020,161,196,2,"kald"
"2001",2021,160,196,2,"kald"
"2002",2022,160,196,2,"kald"
"2003",2023,160,194,2,"kald"
"2004",2024,161,196,2,"kald"
"2005",2025,161,191,2,"kald"
"2006",2026,161,189,2,"kald"
"2007",2027,161,195,2,"kald"
"2008",2028,162,194,2,"kald"
"2009",2029,162,193,2,"kald"
"2010",2030,162,194,2,"kald"
"2011",2031,162,194,2,"kald"
"2012",2032,162,196,2,"kald"
"2013",2033,161,195,2,"kald"
"2014",2034,161,196,2,"kald"
"2015",2035,161,195,2,"kald"
"2016",2036,161,195,2,"kald"
"2017",2037,161,198,2,"kald"
"2018",2038,160,196,2,"kald"
"2019",2039,161,202,2,"kald"
"2020",2040,161,197,2,"kald"
"2021",2041,161,196,2,"kald"
"2022",2042,161,194,2,"kald"
"2023",2043,161,194,2,"kald"
"2024",2044,161,197,2,"kald"
"2025",2045,161,197,2,"kald"
"2026",2046,161,194,2,"kald"
"2027",2047,161,192,2,"kald"
"2028",2048,161,195,2,"kald"
"2029",2049,161,191,2,"kald"
"2030",2050,160,197,2,"kald"
"2031",2051,160,196,2,"kald"
"2032",2052,160,194,2,"kald"
"2033",2053,158,194,2,"kald"
"2034",2054,158,195,2,"kald"
"2035",2055,158,197,2,"kald"
"2036",2056,158,194,2,"kald"
"2037",2057,158,193,2,"kald"
"2038",2058,158,194,2,"kald"
"2039",2059,158,197,2,"kald"
"2040",2060,158,196,2,"kald"
"2041",2061,158,195,2,"kald"
"2042",2062,159,196,2,"kald"
"2043",2063,159,193,2,"kald"
"2044",2064,159,196,2,"kald"
"2045",2065,159,195,2,"kald"
"2046",2066,160,194,2,"kald"
"2047",2067,161,195,2,"kald"
"2048",2068,161,195,2,"kald"
"2049",2069,161,194,2,"kald"
"2050",2070,161,196,2,"kald"
"2051",2071,161,196,2,"kald"
"2052",2072,161,195,2,"kald"
"2053",2073,162,194,2,"kald"
"2054",2074,162,195,2,"kald"
"2055",2075,162,195,2,"kald"
"2056",2076,162,194,2,"kald"
"2057",2077,162,191,2,"kald"
"2058",2078,162,196,2,"kald"
"2059",2079,163,195,2,"kald"
"2060",2080,163,196,2,"kald"
"2061",2081,163,194,2,"kald"
"2062",2082,163,194,2,"kald"
"2063",2083,163,194,2,"kald"
"2064",2084,163,193,2,"kald"
"2065",2085,162,196,2,"kald"
"2066",2086,162,198,2,"kald"
"2067",2087,162,195,2,"kald"
"2068",2088,162,196,2,"kald"
"2069",2089,162,191,2,"kald"
"2070",2090,162,195,2,"kald"
"2071",2091,162,195,2,"kald"
"2072",2092,162,194,2,"kald"
"2073",2093,161,194,2,"kald"
"2074",2094,161,195,2,"kald"
"2075",2095,161,196,2,"kald"
"2076",2096,161,195,2,"kald"
"2077",2097,160,195,2,"kald"
"2078",2098,161,196,2,"kald"
"2079",2099,161,194,2,"kald"
"2080",2100,161,194,2,"kald"
"2081",2101,162,196,2,"kald"
"2082",2102,162,197,2,"kald"
"2083",2103,161,191,2,"kald"
"2084",2104,161,195,2,"kald"
"2085",2105,161,195,2,"kald"
"2086",2106,161,195,2,"kald"
"2087",2107,161,194,2,"kald"
"2088",2108,161,193,2,"kald"
"2089",2109,161,196,2,"kald"
"2090",2110,161,194,2,"kald"
"2091",2111,161,191,2,"kald"
"2092",2112,162,194,2,"kald"
"2093",2113,161,194,2,"kald"
"2094",2114,162,195,2,"kald"
"2095",2115,161,193,2,"kald"
"2096",2116,162,199,2,"kald"
"2097",2117,162,196,2,"kald"
"2098",2118,161,195,2,"kald"
"2099",2119,161,195,2,"kald"
"2100",2120,161,194,2,"kald"
"2101",2121,161,197,2,"kald"
"2102",2122,160,197,2,"kald"
"2103",2123,160,195,2,"kald"
"2104",2124,159,193,2,"kald"
"2105",2125,159,196,2,"kald"
"2106",2126,159,200,2,"kald"
"2107",2127,159,191,2,"kald"
"2108",2128,159,195,2,"kald"
"2109",2129,159,193,2,"kald"
"2110",2130,158,195,2,"kald"
"2111",2131,159,196,2,"kald"
"2112",2132,158,196,2,"kald"
"2113",2133,158,190,2,"kald"
"2114",2134,157,197,2,"kald"
"2115",2135,157,201,2,"kald"
"2116",2136,159,193,2,"kald"
"2117",2137,159,194,2,"kald"
"2118",2138,159,201,2,"kald"
"2119",2139,159,197,2,"kald"
"2120",2140,159,194,2,"kald"
"2121",2141,159,195,2,"kald"
"2122",2142,159,196,2,"kald"
"2123",2143,160,193,2,"kald"
"2124",2144,158,195,2,"kald"
"2125",2145,159,193,2,"kald"
"2126",2146,159,196,2,"kald"
"2127",2147,158,195,2,"kald"
"2128",2148,158,196,2,"kald"
"2129",2149,159,194,2,"kald"
"2130",2150,159,195,2,"kald"
"2131",2151,159,197,2,"kald"
"2132",2152,159,196,2,"kald"
"2133",2153,160,198,2,"kald"
"2134",2154,160,194,2,"kald"
"2135",2155,159,194,2,"kald"
"2136",2156,159,195,2,"kald"
"2137",2157,160,200,2,"kald"
"2138",2158,160,195,2,"kald"
"2139",2159,161,196,2,"kald"
"2140",2160,160,194,2,"kald"
"2141",2161,160,195,2,"kald"
"2142",2162,161,196,2,"kald"
"2143",2163,161,193,2,"kald"
"2144",2164,161,195,2,"kald"
"2145",2165,161,196,2,"kald"
"2146",2166,161,194,2,"kald"
"2147",2167,162,195,2,"kald"
"2148",2168,161,196,2,"kald"
"2149",2169,161,196,2,"kald"
"2150",2170,161,195,2,"kald"
"2151",2171,161,195,2,"kald"
"2152",2172,161,195,2,"kald"
"2153",2173,162,190,2,"kald"
"2154",2174,163,193,2,"kald"
"2155",2175,163,197,2,"kald"
"2156",2176,165,195,2,"kald"
"2157",2177,165,195,2,"kald"
"2158",2178,165,194,2,"kald"
"2159",2179,165,200,2,"kald"
"2160",2180,165,206,2,"kald"
"2161",2181,165,50,2,"kald"
"2162",2182,165,15,2,"kald"
"2163",2183,165,5,2,"kald"
"2164",2184,165,0,2,"kald"
"2165",2185,164,0,2,"kald"
"2166",2186,163,0,2,"kald"
"2167",2187,165,0,2,"kald"
"2168",2188,164,0,2,"kald"
"2169",2189,164,0,2,"kald"
"2170",2190,165,0,NA,"kald"
"2171",2191,164,0,NA,"kald"
"2172",2192,163,0,NA,"kald"
"2173",2193,163,0,NA,"kald"
"2174",2194,161,0,NA,"kald"
"2175",2195,161,0,NA,"kald"
"2176",2196,159,0,NA,"kald"
"2177",2197,158,0,NA,"kald"
"2178",2198,158,0,NA,"kald"
"2179",2199,159,0,NA,"kald"
"2180",2200,159,0,NA,"kald"
"2181",2201,159,0,NA,"kald"
"2182",2202,160,0,NA,"kald"
"2183",2203,160,0,NA,"kald"
"2184",2204,160,0,NA,"kald"
"2185",2205,159,0,NA,"kald"
"2186",2206,159,0,NA,"kald"
"2187",2207,157,0,NA,"kald"
"2188",2208,157,0,NA,"kald"
"2189",2209,155,0,NA,"kald"
"2190",2210,154,0,NA,"kald"
"2191",2211,154,0,NA,"kald"
"2192",2212,155,0,NA,"kald"
"2193",2213,155,0,NA,"kald"
"2194",2214,155,0,NA,"kald"
"2195",2215,154,0,NA,"kald"
"2196",2216,153,0,NA,"kald"
"2197",2217,152,0,NA,"kald"
"2198",2218,151,0,NA,"kald"
"2199",2219,149,0,NA,"kald"
"2200",2220,149,0,NA,"kald"
"2201",2221,148,0,NA,"kald"
"2202",2222,146,0,NA,"kald"
"2203",2223,146,0,NA,"kald"
"2204",2224,146,0,NA,"kald"
"2205",2225,145,0,NA,"kald"
"2206",2226,145,0,NA,"kald"
"2207",2252,140,73,NA,"kald"
"2208",2253,141,86,NA,"kald"
"2209",2254,142,57,NA,"kald"
"2210",2255,143,66,NA,"kald"
"2211",2256,142,69,NA,"kald"
"2212",2257,142,76,NA,"kald"
"2213",2258,141,81,NA,"kald"
"2214",2259,141,81,NA,"kald"
"2215",2260,140,86,NA,"kald"
"2216",2261,141,120,NA,"kald"
"2217",2262,140,119,NA,"kald"
"2218",2263,139,119,NA,"kald"
"2219",2264,138,110,NA,"kald"
"2220",2265,137,131,NA,"kald"
"2221",2266,136,113,NA,"kald"
"2222",2267,136,114,NA,"kald"
"2223",2268,135,109,NA,"kald"
"2224",2269,135,114,NA,"kald"
"2225",2270,133,113,NA,"kald"
"2226",2271,132,116,NA,"kald"
"2227",2272,132,110,NA,"kald"
"2228",2273,132,115,NA,"kald"
"2229",2274,132,120,NA,"kald"
"2230",2275,133,115,NA,"kald"
"2231",2276,133,115,NA,"kald"
"2232",2277,133,115,NA,"kald"
"2233",2278,132,114,NA,"kald"
"2234",2279,132,115,NA,"kald"
"2235",2280,132,111,NA,"kald"
"2236",2281,133,114,NA,"kald"
"2237",2282,133,116,NA,"kald"
"2238",2283,133,114,NA,"kald"
"2239",2284,133,114,NA,"kald"
"2240",2285,132,112,NA,"kald"
"2241",2286,131,114,NA,"kald"
"2242",2287,131,115,NA,"kald"
"2243",2288,131,117,NA,"kald"
"2244",2289,131,115,NA,"kald"
"2245",2290,131,115,NA,"kald"
"2246",2291,131,114,NA,"kald"
"2247",2292,131,111,NA,"kald"
"2248",2293,132,0,NA,"kald"
"2249",2294,133,0,NA,"kald"
"2250",2295,133,0,NA,"kald"
"2251",2296,133,0,NA,"kald"
"2252",2297,133,6,NA,"kald"
"2253",2298,130,7,NA,"kald"
"2254",2299,128,125,NA,"kald"
"2255",2300,127,75,NA,"kald"
"2256",2301,129,131,NA,"kald"
"2257",2302,129,91,NA,"kald"
"2258",2303,131,93,NA,"kald"
"2259",2304,133,87,NA,"kald"
"2260",2305,133,100,NA,"kald"
"2261",2306,136,107,NA,"kald"
"2262",2307,138,61,NA,"kald"
"2263",2308,138,0,NA,"kald"
"2264",2309,139,0,NA,"kald"
"2265",2310,138,0,NA,"kald"
"2266",2311,137,0,NA,"kald"
"2267",2312,132,0,NA,"kald"
"2268",2313,129,0,NA,"kald"
"2269",2314,125,0,NA,"kald"
"2270",2315,125,0,NA,"kald"
"2271",2316,125,0,NA,"kald"
"2272",2317,125,0,NA,"kald"
"2273",2318,124,0,NA,"kald"
"2274",2319,122,0,NA,"kald"
"2275",2320,120,0,NA,"kald"
"2276",2321,120,0,NA,"kald"
"2277",2322,120,0,NA,"kald"
"2278",2323,119,0,NA,"kald"
"2279",2347,119,23,NA,"kald"
"2280",2348,120,69,NA,"kald"
"2281",2349,124,100,NA,"kald"
"2282",2350,126,89,NA,"kald"
"2283",2351,126,93,NA,"kald"
"2284",2352,124,96,NA,"kald"
"2285",2353,122,112,NA,"kald"
"2286",2354,119,106,NA,"kald"
"2287",2355,118,99,NA,"kald"
"2288",2356,114,118,NA,"kald"
"2289",2357,113,112,NA,"kald"
"2290",2358,114,121,NA,"kald"
"2291",2359,114,126,NA,"kald"
"2292",2360,114,123,NA,"kald"
"2293",2361,115,119,NA,"kald"
"2294",2362,116,115,NA,"kald"
"2295",2363,117,108,NA,"kald"
"2296",2364,118,114,NA,"kald"
"2297",2365,118,116,NA,"kald"
"2298",2366,118,116,NA,"kald"
"2299",2367,118,109,NA,"kald"
"2300",2368,118,109,NA,"kald"
"2301",2369,118,109,NA,"kald"
"2302",2370,119,115,NA,"kald"
"2303",2371,119,115,NA,"kald"
"2304",2372,120,115,NA,"kald"
"2305",2373,121,112,NA,"kald"
"2306",2374,122,112,NA,"kald"
"2307",2375,121,118,NA,"kald"
"2308",2376,121,114,NA,"kald"
"2309",2377,121,116,NA,"kald"
"2310",2378,121,118,NA,"kald"
"2311",2379,121,115,NA,"kald"
"2312",2380,122,117,NA,"kald"
"2313",2381,122,116,NA,"kald"
"2314",2382,122,115,NA,"kald"
"2315",2383,123,115,NA,"kald"
"2316",2384,123,112,NA,"kald"
"2317",2385,123,115,NA,"kald"
"2318",2386,123,110,NA,"kald"
"2319",2387,123,109,NA,"kald"
"2320",2388,124,94,NA,"kald"
"2321",2389,124,0,NA,"kald"
"2322",2390,125,0,NA,"kald"
"2323",2391,122,0,NA,"kald"
"2324",2392,122,0,NA,"kald"
"2325",2393,118,0,NA,"kald"
"2326",2394,117,0,NA,"kald"
"2327",2395,117,0,NA,"kald"
"2328",2396,117,0,NA,"kald"
"2329",2397,117,0,NA,"kald"
"2330",2398,119,0,NA,"kald"
"2331",2399,122,0,NA,"kald"
"2332",2400,122,0,NA,"kald"
"2333",2401,124,14,3,"kald"
"2334",2402,122,176,3,"kald"
"2335",2403,122,96,3,"kald"
"2336",2404,122,111,3,"kald"
"2337",2405,122,110,3,"kald"
"2338",2406,122,113,3,"kald"
"2339",2407,122,117,3,"kald"
"2340",2408,123,121,3,"kald"
"2341",2409,123,130,3,"kald"
"2342",2410,124,171,3,"kald"
"2343",2411,128,196,3,"kald"
"2344",2412,127,191,3,"kald"
"2345",2413,127,193,3,"kald"
"2346",2414,127,194,3,"kald"
"2347",2415,127,191,3,"kald"
"2348",2416,128,195,3,"kald"
"2349",2417,128,196,3,"kald"
"2350",2418,130,199,3,"kald"
"2351",2419,130,196,3,"kald"
"2352",2420,131,194,3,"kald"
"2353",2421,131,194,3,"kald"
"2354",2422,131,195,3,"kald"
"2355",2423,131,197,3,"kald"
"2356",2424,131,194,3,"kald"
"2357",2425,133,196,3,"kald"
"2358",2426,133,194,3,"kald"
"2359",2427,135,196,3,"kald"
"2360",2428,135,195,3,"kald"
"2361",2429,136,196,3,"kald"
"2362",2430,136,198,3,"kald"
"2363",2431,136,195,3,"kald"
"2364",2432,136,194,3,"kald"
"2365",2433,138,187,3,"kald"
"2366",2434,139,195,3,"kald"
"2367",2435,139,191,3,"kald"
"2368",2436,140,195,3,"kald"
"2369",2437,140,190,3,"kald"
"2370",2438,141,194,3,"kald"
"2371",2439,140,195,3,"kald"
"2372",2440,140,193,3,"kald"
"2373",2441,140,193,3,"kald"
"2374",2442,140,199,3,"kald"
"2375",2443,140,196,3,"kald"
"2376",2444,140,193,3,"kald"
"2377",2445,140,194,3,"kald"
"2378",2446,140,190,3,"kald"
"2379",2447,140,198,3,"kald"
"2380",2448,139,195,3,"kald"
"2381",2449,140,185,3,"kald"
"2382",2450,140,193,3,"kald"
"2383",2451,140,194,3,"kald"
"2384",2452,141,207,3,"kald"
"2385",2453,142,68,3,"kald"
"2386",2454,142,219,3,"kald"
"2387",2455,142,252,3,"kald"
"2388",2456,142,191,3,"kald"
"2389",2457,141,198,3,"kald"
"2390",2458,141,203,3,"kald"
"2391",2459,142,194,3,"kald"
"2392",2460,143,200,3,"kald"
"2393",2461,144,199,3,"kald"
"2394",2462,145,194,3,"kald"
"2395",2463,146,203,3,"kald"
"2396",2464,148,198,3,"kald"
"2397",2465,148,194,3,"kald"
"2398",2466,148,191,3,"kald"
"2399",2467,148,197,3,"kald"
"2400",2468,148,199,3,"kald"
"2401",2469,147,199,3,"kald"
"2402",2470,147,194,3,"kald"
"2403",2471,146,191,3,"kald"
"2404",2472,147,194,3,"kald"
"2405",2473,147,191,3,"kald"
"2406",2474,148,197,3,"kald"
"2407",2475,147,192,3,"kald"
"2408",2476,148,193,3,"kald"
"2409",2477,148,195,3,"kald"
"2410",2478,148,194,3,"kald"
"2411",2479,148,193,3,"kald"
"2412",2480,147,194,3,"kald"
"2413",2481,147,195,3,"kald"
"2414",2482,147,193,3,"kald"
"2415",2483,148,197,3,"kald"
"2416",2484,148,194,3,"kald"
"2417",2485,147,194,3,"kald"
"2418",2486,148,195,3,"kald"
"2419",2487,149,195,3,"kald"
"2420",2488,148,191,3,"kald"
"2421",2489,149,196,3,"kald"
"2422",2490,148,195,3,"kald"
"2423",2491,148,195,3,"kald"
"2424",2492,149,196,3,"kald"
"2425",2493,149,195,3,"kald"
"2426",2494,148,193,3,"kald"
"2427",2495,148,197,3,"kald"
"2428",2496,148,195,3,"kald"
"2429",2497,148,195,3,"kald"
"2430",2498,149,196,3,"kald"
"2431",2499,149,190,3,"kald"
"2432",2500,150,194,3,"kald"
"2433",2501,150,196,3,"kald"
"2434",2502,152,190,3,"kald"
"2435",2503,153,194,3,"kald"
"2436",2504,153,195,3,"kald"
"2437",2505,154,186,3,"kald"
"2438",2506,154,194,3,"kald"
"2439",2507,155,199,3,"kald"
"2440",2508,155,200,3,"kald"
"2441",2509,156,194,3,"kald"
"2442",2510,156,191,3,"kald"
"2443",2511,155,191,3,"kald"
"2444",2512,154,194,3,"kald"
"2445",2513,154,196,3,"kald"
"2446",2514,154,191,3,"kald"
"2447",2515,154,198,3,"kald"
"2448",2516,154,196,3,"kald"
"2449",2517,154,195,3,"kald"
"2450",2518,154,194,3,"kald"
"2451",2519,155,196,3,"kald"
"2452",2520,155,196,3,"kald"
"2453",2521,155,196,3,"kald"
"2454",2522,156,195,3,"kald"
"2455",2523,156,195,3,"kald"
"2456",2524,156,195,3,"kald"
"2457",2525,157,195,3,"kald"
"2458",2526,156,194,3,"kald"
"2459",2527,156,194,3,"kald"
"2460",2528,156,196,3,"kald"
"2461",2529,156,197,3,"kald"
"2462",2530,156,197,3,"kald"
"2463",2531,157,196,3,"kald"
"2464",2532,157,196,3,"kald"
"2465",2533,156,194,3,"kald"
"2466",2534,157,196,3,"kald"
"2467",2535,157,191,3,"kald"
"2468",2536,157,197,3,"kald"
"2469",2537,157,196,3,"kald"
"2470",2538,157,197,3,"kald"
"2471",2539,158,195,3,"kald"
"2472",2540,158,194,3,"kald"
"2473",2541,159,196,3,"kald"
"2474",2542,158,195,3,"kald"
"2475",2543,159,195,3,"kald"
"2476",2544,159,194,3,"kald"
"2477",2545,160,194,3,"kald"
"2478",2546,161,196,3,"kald"
"2479",2547,160,195,3,"kald"
"2480",2548,160,191,3,"kald"
"2481",2549,159,194,3,"kald"
"2482",2550,160,195,3,"kald"
"2483",2551,159,195,3,"kald"
"2484",2552,160,196,3,"kald"
"2485",2553,160,197,3,"kald"
"2486",2554,160,191,3,"kald"
"2487",2555,160,195,3,"kald"
"2488",2556,160,196,3,"kald"
"2489",2557,160,195,3,"kald"
"2490",2558,161,195,3,"kald"
"2491",2559,160,197,3,"kald"
"2492",2560,161,194,3,"kald"
"2493",2561,161,191,3,"kald"
"2494",2562,161,194,3,"kald"
"2495",2563,161,196,3,"kald"
"2496",2564,162,196,3,"kald"
"2497",2565,162,196,3,"kald"
"2498",2566,162,197,3,"kald"
"2499",2567,163,194,3,"kald"
"2500",2568,163,196,3,"kald"
"2501",2569,163,194,3,"kald"
"2502",2570,163,195,3,"kald"
"2503",2571,163,195,3,"kald"
"2504",2572,163,200,3,"kald"
"2505",2573,163,196,3,"kald"
"2506",2574,164,196,3,"kald"
"2507",2575,164,195,3,"kald"
"2508",2576,164,197,3,"kald"
"2509",2577,164,195,3,"kald"
"2510",2578,164,195,3,"kald"
"2511",2579,164,194,3,"kald"
"2512",2580,164,196,3,"kald"
"2513",2581,164,196,3,"kald"
"2514",2582,164,196,3,"kald"
"2515",2583,163,195,3,"kald"
"2516",2584,163,195,3,"kald"
"2517",2585,163,194,3,"kald"
"2518",2586,162,194,3,"kald"
"2519",2587,161,194,3,"kald"
"2520",2588,161,196,3,"kald"
"2521",2589,161,195,3,"kald"
"2522",2590,161,188,3,"kald"
"2523",2591,161,194,3,"kald"
"2524",2592,161,194,3,"kald"
"2525",2593,160,193,3,"kald"
"2526",2594,160,194,3,"kald"
"2527",2595,161,194,3,"kald"
"2528",2596,161,193,3,"kald"
"2529",2597,161,194,3,"kald"
"2530",2598,160,195,3,"kald"
"2531",2599,160,195,3,"kald"
"2532",2600,160,195,3,"kald"
"2533",2601,161,194,3,"kald"
"2534",2602,161,194,3,"kald"
"2535",2603,161,195,3,"kald"
"2536",2604,161,195,3,"kald"
"2537",2605,161,196,3,"kald"
"2538",2606,162,195,3,"kald"
"2539",2607,162,195,3,"kald"
"2540",2608,162,196,3,"kald"
"2541",2609,162,195,3,"kald"
"2542",2610,163,194,3,"kald"
"2543",2611,164,195,3,"kald"
"2544",2612,163,195,3,"kald"
"2545",2613,163,195,3,"kald"
"2546",2614,163,191,3,"kald"
"2547",2615,163,196,3,"kald"
"2548",2616,162,194,3,"kald"
"2549",2617,162,195,3,"kald"
"2550",2618,162,195,3,"kald"
"2551",2619,162,197,3,"kald"
"2552",2620,162,194,3,"kald"
"2553",2621,162,194,3,"kald"
"2554",2622,162,197,3,"kald"
"2555",2623,162,195,3,"kald"
"2556",2624,163,194,3,"kald"
"2557",2625,162,195,3,"kald"
"2558",2626,162,191,3,"kald"
"2559",2627,162,196,3,"kald"
"2560",2628,162,190,3,"kald"
"2561",2629,162,191,3,"kald"
"2562",2630,161,195,3,"kald"
"2563",2631,161,197,3,"kald"
"2564",2632,161,194,3,"kald"
"2565",2633,161,195,3,"kald"
"2566",2634,162,195,3,"kald"
"2567",2635,161,191,3,"kald"
"2568",2636,161,200,3,"kald"
"2569",2637,162,197,3,"kald"
"2570",2638,162,194,3,"kald"
"2571",2639,162,191,3,"kald"
"2572",2640,162,193,3,"kald"
"2573",2641,162,195,3,"kald"
"2574",2642,162,195,3,"kald"
"2575",2643,162,196,3,"kald"
"2576",2644,162,190,3,"kald"
"2577",2645,162,197,3,"kald"
"2578",2646,162,196,3,"kald"
"2579",2647,162,196,3,"kald"
"2580",2648,163,195,3,"kald"
"2581",2649,162,196,3,"kald"
"2582",2650,161,194,3,"kald"
"2583",2651,162,195,3,"kald"
"2584",2652,161,194,3,"kald"
"2585",2653,161,194,3,"kald"
"2586",2654,161,195,3,"kald"
"2587",2655,161,193,3,"kald"
"2588",2656,161,188,3,"kald"
"2589",2657,161,196,3,"kald"
"2590",2658,161,196,3,"kald"
"2591",2659,161,195,3,"kald"
"2592",2660,161,194,3,"kald"
"2593",2661,161,196,3,"kald"
"2594",2662,161,192,3,"kald"
"2595",2663,161,195,3,"kald"
"2596",2664,161,194,3,"kald"
"2597",2665,160,196,3,"kald"
"2598",2666,161,196,3,"kald"
"2599",2667,161,196,3,"kald"
"2600",2668,161,196,3,"kald"
"2601",2669,162,200,3,"kald"
"2602",2670,161,189,3,"kald"
"2603",2671,162,195,3,"kald"
"2604",2672,162,194,3,"kald"
"2605",2673,162,193,3,"kald"
"2606",2674,162,196,3,"kald"
"2607",2675,162,196,3,"kald"
"2608",2676,162,194,3,"kald"
"2609",2677,162,199,3,"kald"
"2610",2678,163,192,3,"kald"
"2611",2679,163,194,3,"kald"
"2612",2680,164,194,3,"kald"
"2613",2681,165,191,3,"kald"
"2614",2682,166,195,3,"kald"
"2615",2683,166,197,3,"kald"
"2616",2684,166,196,3,"kald"
"2617",2685,166,194,3,"kald"
"2618",2686,166,197,3,"kald"
"2619",2687,166,192,3,"kald"
"2620",2688,166,195,3,"kald"
"2621",2689,166,195,3,"kald"
"2622",2690,166,194,3,"kald"
"2623",2691,165,197,3,"kald"
"2624",2692,164,191,3,"kald"
"2625",2693,164,195,3,"kald"
"2626",2694,163,198,3,"kald"
"2627",2695,162,193,3,"kald"
"2628",2696,162,194,3,"kald"
"2629",2697,162,194,3,"kald"
"2630",2698,162,197,3,"kald"
"2631",2699,162,194,3,"kald"
"2632",2700,162,188,3,"kald"
"2633",2701,162,195,3,"kald"
"2634",2702,162,197,3,"kald"
"2635",2703,161,198,3,"kald"
"2636",2704,162,194,3,"kald"
"2637",2705,161,200,3,"kald"
"2638",2706,162,195,3,"kald"
"2639",2707,161,192,3,"kald"
"2640",2708,161,195,3,"kald"
"2641",2709,162,194,3,"kald"
"2642",2710,162,197,3,"kald"
"2643",2711,162,195,3,"kald"
"2644",2712,162,195,3,"kald"
"2645",2713,162,194,3,"kald"
"2646",2714,161,196,3,"kald"
"2647",2715,160,195,3,"kald"
"2648",2716,160,192,3,"kald"
"2649",2717,160,194,3,"kald"
"2650",2718,160,197,3,"kald"
"2651",2719,160,194,3,"kald"
"2652",2720,160,200,3,"kald"
"2653",2721,160,195,3,"kald"
"2654",2722,160,196,3,"kald"
"2655",2723,160,191,3,"kald"
"2656",2724,160,195,3,"kald"
"2657",2725,160,191,3,"kald"
"2658",2726,160,195,3,"kald"
"2659",2727,161,194,3,"kald"
"2660",2728,162,194,3,"kald"
"2661",2729,161,195,3,"kald"
"2662",2730,161,191,3,"kald"
"2663",2731,161,194,3,"kald"
"2664",2732,162,195,3,"kald"
"2665",2733,163,196,3,"kald"
"2666",2734,163,195,3,"kald"
"2667",2735,163,200,3,"kald"
"2668",2736,163,183,3,"kald"
"2669",2737,163,194,3,"kald"
"2670",2738,163,196,3,"kald"
"2671",2739,163,193,3,"kald"
"2672",2740,162,195,3,"kald"
"2673",2741,162,195,3,"kald"
"2674",2742,162,195,3,"kald"
"2675",2743,162,193,3,"kald"
"2676",2744,161,200,3,"kald"
"2677",2745,161,191,3,"kald"
"2678",2746,161,194,3,"kald"
"2679",2747,161,194,3,"kald"
"2680",2748,161,194,3,"kald"
"2681",2749,161,198,3,"kald"
"2682",2750,161,195,3,"kald"
"2683",2751,161,196,3,"kald"
"2684",2752,161,195,3,"kald"
"2685",2753,161,194,3,"kald"
"2686",2754,162,194,3,"kald"
"2687",2755,162,195,3,"kald"
"2688",2756,162,197,3,"kald"
"2689",2757,163,194,3,"kald"
"2690",2758,163,195,3,"kald"
"2691",2759,163,196,3,"kald"
"2692",2760,163,193,3,"kald"
"2693",2761,163,196,3,"kald"
"2694",2762,163,196,3,"kald"
"2695",2763,163,194,3,"kald"
"2696",2764,163,191,3,"kald"
"2697",2765,162,194,3,"kald"
"2698",2766,162,195,3,"kald"
"2699",2767,161,195,3,"kald"
"2700",2768,162,195,3,"kald"
"2701",2769,162,196,3,"kald"
"2702",2770,161,196,3,"kald"
"2703",2771,162,196,3,"kald"
"2704",2772,160,196,3,"kald"
"2705",2773,161,194,3,"kald"
"2706",2774,162,196,3,"kald"
"2707",2775,163,191,3,"kald"
"2708",2776,163,203,3,"kald"
"2709",2777,163,195,3,"kald"
"2710",2778,163,194,3,"kald"
"2711",2779,162,195,3,"kald"
"2712",2780,161,195,3,"kald"
"2713",2781,161,194,3,"kald"
"2714",2782,161,195,3,"kald"
"2715",2783,161,195,3,"kald"
"2716",2784,161,194,3,"kald"
"2717",2785,160,196,3,"kald"
"2718",2786,160,191,3,"kald"
"2719",2787,160,194,3,"kald"
"2720",2788,160,194,3,"kald"
"2721",2789,160,194,3,"kald"
"2722",2790,160,194,3,"kald"
"2723",2791,160,195,3,"kald"
"2724",2792,159,195,3,"kald"
"2725",2793,160,190,3,"kald"
"2726",2794,160,194,3,"kald"
"2727",2795,158,200,3,"kald"
"2728",2796,158,194,3,"kald"
"2729",2797,158,194,3,"kald"
"2730",2798,158,195,3,"kald"
"2731",2799,158,196,3,"kald"
"2732",2800,158,194,3,"kald"
"2733",2801,159,195,3,"kald"
"2734",2802,159,196,3,"kald"
"2735",2803,159,196,3,"kald"
"2736",2804,160,195,3,"kald"
"2737",2805,160,195,3,"kald"
"2738",2806,160,195,3,"kald"
"2739",2807,160,197,3,"kald"
"2740",2808,160,196,3,"kald"
"2741",2809,161,199,3,"kald"
"2742",2810,160,192,3,"kald"
"2743",2811,161,191,3,"kald"
"2744",2812,161,195,3,"kald"
"2745",2813,160,194,3,"kald"
"2746",2814,161,196,3,"kald"
"2747",2815,160,194,3,"kald"
"2748",2816,160,193,3,"kald"
"2749",2817,160,197,3,"kald"
"2750",2818,161,194,3,"kald"
"2751",2819,160,195,3,"kald"
"2752",2820,161,196,3,"kald"
"2753",2821,160,195,3,"kald"
"2754",2822,160,194,3,"kald"
"2755",2823,161,194,3,"kald"
"2756",2824,161,197,3,"kald"
"2757",2825,161,194,3,"kald"
"2758",2826,161,194,3,"kald"
"2759",2827,161,194,3,"kald"
"2760",2828,161,191,3,"kald"
"2761",2829,161,197,3,"kald"
"2762",2830,161,196,3,"kald"
"2763",2831,162,195,3,"kald"
"2764",2832,162,196,3,"kald"
"2765",2833,162,188,3,"kald"
"2766",2834,163,195,3,"kald"
"2767",2835,162,195,3,"kald"
"2768",2836,162,202,3,"kald"
"2769",2837,162,196,3,"kald"
"2770",2838,162,194,3,"kald"
"2771",2839,162,194,3,"kald"
"2772",2840,162,191,3,"kald"
"2773",2841,162,194,3,"kald"
"2774",2842,162,197,3,"kald"
"2775",2843,162,197,3,"kald"
"2776",2844,162,197,3,"kald"
"2777",2845,162,196,3,"kald"
"2778",2846,162,195,3,"kald"
"2779",2847,162,195,3,"kald"
"2780",2848,162,194,3,"kald"
"2781",2849,162,196,3,"kald"
"2782",2850,161,195,3,"kald"
"2783",2851,161,196,3,"kald"
"2784",2852,161,195,3,"kald"
"2785",2853,160,194,3,"kald"
"2786",2854,161,194,3,"kald"
"2787",2855,161,197,3,"kald"
"2788",2856,161,195,3,"kald"
"2789",2857,162,195,3,"kald"
"2790",2858,162,196,3,"kald"
"2791",2859,162,194,3,"kald"
"2792",2860,162,196,3,"kald"
"2793",2861,163,195,3,"kald"
"2794",2862,162,191,3,"kald"
"2795",2863,162,196,3,"kald"
"2796",2864,161,196,3,"kald"
"2797",2865,162,195,3,"kald"
"2798",2866,162,195,3,"kald"
"2799",2867,162,196,3,"kald"
"2800",2868,162,195,3,"kald"
"2801",2869,162,195,3,"kald"
"2802",2870,161,195,3,"kald"
"2803",2871,160,198,3,"kald"
"2804",2872,160,191,3,"kald"
"2805",2873,161,190,3,"kald"
"2806",2874,160,195,3,"kald"
"2807",2875,161,194,3,"kald"
"2808",2876,161,196,3,"kald"
"2809",2877,160,195,3,"kald"
"2810",2878,161,195,3,"kald"
"2811",2879,161,195,3,"kald"
"2812",2880,161,195,3,"kald"
"2813",2881,161,194,3,"kald"
"2814",2882,161,191,3,"kald"
"2815",2883,162,196,3,"kald"
"2816",2884,161,195,3,"kald"
"2817",2885,161,200,3,"kald"
"2818",2886,161,194,3,"kald"
"2819",2887,162,193,3,"kald"
"2820",2888,162,196,3,"kald"
"2821",2889,162,200,3,"kald"
"2822",2890,162,193,3,"kald"
"2823",2891,161,197,3,"kald"
"2824",2892,161,194,3,"kald"
"2825",2893,161,193,3,"kald"
"2826",2894,162,196,3,"kald"
"2827",2895,162,191,3,"kald"
"2828",2896,162,194,3,"kald"
"2829",2897,161,197,3,"kald"
"2830",2898,161,195,3,"kald"
"2831",2899,161,195,3,"kald"
"2832",2900,161,200,3,"kald"
"2833",2901,161,194,3,"kald"
"2834",2902,160,195,3,"kald"
"2835",2903,161,195,3,"kald"
"2836",2904,160,195,3,"kald"
"2837",2905,160,191,3,"kald"
"2838",2906,161,196,3,"kald"
"2839",2907,160,195,3,"kald"
"2840",2908,160,196,3,"kald"
"2841",2909,160,194,3,"kald"
"2842",2910,160,196,3,"kald"
"2843",2911,160,195,3,"kald"
"2844",2912,160,194,3,"kald"
"2845",2913,160,195,3,"kald"
"2846",2914,159,193,3,"kald"
"2847",2915,160,195,3,"kald"
"2848",2916,160,197,3,"kald"
"2849",2917,160,197,3,"kald"
"2850",2918,161,191,3,"kald"
"2851",2919,162,190,3,"kald"
"2852",2920,163,200,3,"kald"
"2853",2921,162,196,3,"kald"
"2854",2922,162,194,3,"kald"
"2855",2923,161,196,3,"kald"
"2856",2924,162,195,3,"kald"
"2857",2925,161,194,3,"kald"
"2858",2926,161,193,3,"kald"
"2859",2927,161,195,3,"kald"
"2860",2928,159,197,3,"kald"
"2861",2929,159,195,3,"kald"
"2862",2930,159,195,3,"kald"
"2863",2931,160,195,3,"kald"
"2864",2932,160,195,3,"kald"
"2865",2933,160,194,3,"kald"
"2866",2934,160,193,3,"kald"
"2867",2935,161,194,3,"kald"
"2868",2936,161,190,3,"kald"
"2869",2937,161,195,3,"kald"
"2870",2938,161,195,3,"kald"
"2871",2939,161,194,3,"kald"
"2872",2940,161,196,3,"kald"
"2873",2941,161,191,3,"kald"
"2874",2942,162,192,3,"kald"
"2875",2943,162,191,3,"kald"
"2876",2944,162,195,3,"kald"
"2877",2945,162,195,3,"kald"
"2878",2946,162,195,3,"kald"
"2879",2947,162,196,3,"kald"
"2880",2948,163,195,3,"kald"
"2881",2949,162,193,3,"kald"
"2882",2950,162,198,3,"kald"
"2883",2951,163,195,3,"kald"
"2884",2952,162,194,3,"kald"
"2885",2953,163,198,3,"kald"
"2886",2954,163,197,3,"kald"
"2887",2955,163,192,3,"kald"
"2888",2956,163,195,3,"kald"
"2889",2957,162,195,3,"kald"
"2890",2958,163,193,3,"kald"
"2891",2959,162,195,3,"kald"
"2892",2960,162,192,3,"kald"
"2893",2961,162,196,3,"kald"
"2894",2962,162,193,3,"kald"
"2895",2963,162,194,3,"kald"
"2896",2964,163,197,3,"kald"
"2897",2965,163,196,3,"kald"
"2898",2966,163,196,3,"kald"
"2899",2967,163,196,3,"kald"
"2900",2968,163,195,3,"kald"
"2901",2969,163,196,3,"kald"
"2902",2970,164,195,3,"kald"
"2903",2971,163,192,3,"kald"
"2904",2972,163,194,3,"kald"
"2905",2973,163,198,3,"kald"
"2906",2974,163,191,3,"kald"
"2907",2975,162,197,3,"kald"
"2908",2976,162,195,3,"kald"
"2909",2977,162,196,3,"kald"
"2910",2978,161,195,3,"kald"
"2911",2979,162,195,3,"kald"
"2912",2980,162,198,3,"kald"
"2913",2981,162,196,3,"kald"
"2914",2982,162,194,3,"kald"
"2915",2983,162,194,3,"kald"
"2916",2984,163,195,3,"kald"
"2917",2985,163,195,3,"kald"
"2918",2986,163,195,3,"kald"
"2919",2987,164,195,3,"kald"
"2920",2988,164,188,3,"kald"
"2921",2989,164,188,3,"kald"
"2922",2990,165,197,3,"kald"
"2923",2991,164,195,3,"kald"
"2924",2992,164,193,3,"kald"
"2925",2993,165,195,3,"kald"
"2926",2994,165,197,3,"kald"
"2927",2995,165,195,3,"kald"
"2928",2996,165,197,3,"kald"
"2929",2997,166,197,3,"kald"
"2930",2998,166,202,3,"kald"
"2931",2999,165,194,3,"kald"
"2932",3000,166,196,NA,"kald"
"2933",3001,166,195,NA,"kald"
"2934",3002,166,195,NA,"kald"
"2935",3003,166,200,NA,"kald"
"2936",3004,166,196,NA,"kald"
"2937",3005,166,196,NA,"kald"
"2938",3006,166,196,NA,"kald"
"2939",3007,166,196,NA,"kald"
"2940",3008,167,188,NA,"kald"
"2941",3009,166,155,NA,"kald"
"2942",3010,166,53,NA,"kald"
"2943",3011,166,42,NA,"kald"
"2944",3012,166,43,NA,"kald"
"2945",3013,166,0,NA,"kald"
"2946",3014,165,0,NA,"kald"
"2947",3015,163,0,NA,"kald"
"2948",3016,161,0,NA,"kald"
"2949",3017,161,0,NA,"kald"
"2950",3018,160,0,NA,"kald"
"2951",3019,160,0,NA,"kald"
"2952",3020,160,0,NA,"kald"
"2953",3021,159,0,NA,"kald"
"2954",3022,160,0,NA,"kald"
"2955",3023,161,0,NA,"kald"
"2956",3024,160,0,NA,"kald"
"2957",3025,160,0,NA,"kald"
"2958",3026,158,0,NA,"kald"
"2959",3027,158,0,NA,"kald"
"2960",3028,159,0,NA,"kald"
"2961",3029,159,0,NA,"kald"
"2962",3030,159,0,NA,"kald"
"2963",3031,157,0,NA,"kald"
"2964",3032,157,0,NA,"kald"
"2965",3033,156,0,NA,"kald"
"2966",3034,154,0,NA,"kald"
"2967",3035,154,0,NA,"kald"
"2968",3036,152,0,NA,"kald"
"2969",3037,152,0,NA,"kald"
"2970",3038,151,0,NA,"kald"
"2971",3039,151,0,NA,"kald"
"2972",3040,151,0,NA,"kald"
"2973",3041,152,0,NA,"kald"
"2974",3042,152,0,NA,"kald"
"2975",3043,151,0,NA,"kald"
"2976",3044,149,0,NA,"kald"
"2977",3045,147,0,NA,"kald"
"2978",3046,145,0,NA,"kald"
"2979",3047,144,0,NA,"kald"
"2980",3048,144,0,NA,"kald"
"2981",3049,145,0,NA,"kald"
"2982",3050,146,0,NA,"kald"
"2983",3051,146,0,NA,"kald"
"2984",3052,147,0,NA,"kald"
"2985",3053,146,0,NA,"kald"
"2986",3054,146,25,NA,"kald"
"2987",3055,145,250,NA,"kald"
"2988",3056,141,135,NA,"kald"
"2989",3057,140,88,NA,"kald"
"2990",3058,140,98,NA,"kald"
"2991",3059,142,93,NA,"kald"
"2992",3060,142,109,NA,"kald"
"2993",3061,142,118,NA,"kald"
"2994",3062,141,131,NA,"kald"
"2995",3063,141,121,NA,"kald"
"2996",3064,141,116,NA,"kald"
"2997",3065,140,130,NA,"kald"
"2998",3066,139,119,NA,"kald"
"2999",3067,138,102,NA,"kald"
"3000",3068,137,112,NA,"kald"
"3001",3069,137,140,NA,"kald"
"3002",3070,136,132,NA,"kald"
"3003",3071,136,123,NA,"kald"
"3004",3072,136,138,NA,"kald"
"3005",3073,137,127,NA,"kald"
"3006",3074,136,125,NA,"kald"
"3007",3075,136,124,NA,"kald"
"3008",3076,136,122,NA,"kald"
"3009",3077,136,126,NA,"kald"
"3010",3078,137,122,NA,"kald"
"3011",3079,136,125,NA,"kald"
"3012",3080,136,125,NA,"kald"
"3013",3081,136,125,NA,"kald"
"3014",3082,136,124,NA,"kald"
"3015",3083,135,121,NA,"kald"
"3016",3084,135,126,NA,"kald"
"3017",3085,135,125,NA,"kald"
"3018",3086,135,106,NA,"kald"
"3019",3087,135,115,NA,"kald"
"3020",3088,136,104,NA,"kald"
"3021",3089,136,127,NA,"kald"
"3022",3090,136,136,NA,"kald"
"3023",3091,135,125,NA,"kald"
"3024",3092,135,127,NA,"kald"
"3025",3093,136,123,NA,"kald"
"3026",3094,137,122,NA,"kald"
"3027",3095,138,122,NA,"kald"
"3028",3096,138,120,NA,"kald"
"3029",3097,138,123,NA,"kald"
"3030",3098,137,133,NA,"kald"
"3031",3099,137,121,NA,"kald"
"3032",3100,137,125,NA,"kald"
"3033",3101,135,131,NA,"kald"
"3034",3102,134,129,NA,"kald"
"3035",3103,134,149,NA,"kald"
"3036",3104,134,118,NA,"kald"
"3037",3105,135,125,NA,"kald"
"3038",3106,135,124,NA,"kald"
"3039",3107,136,123,NA,"kald"
"3040",3108,136,125,NA,"kald"
"3041",3109,138,125,NA,"kald"
"3042",3110,138,118,NA,"kald"
"3043",3111,139,123,NA,"kald"
"3044",3112,140,128,NA,"kald"
"3045",3113,141,128,NA,"kald"
"3046",3114,141,123,NA,"kald"
"3047",3115,141,129,NA,"kald"
"3048",3116,141,129,NA,"kald"
"3049",3117,142,121,NA,"kald"
"3050",3118,142,126,NA,"kald"
"3051",3119,143,122,NA,"kald"
"3052",3120,142,120,NA,"kald"
"3053",3121,142,120,NA,"kald"
"3054",3122,141,126,NA,"kald"
"3055",3123,141,122,NA,"kald"
"3056",3124,140,117,NA,"kald"
"3057",3125,140,137,NA,"kald"
"3058",3126,140,128,NA,"kald"
"3059",3127,140,120,NA,"kald"
"3060",3128,139,125,NA,"kald"
"3061",3129,137,121,NA,"kald"
"3062",3130,135,130,NA,"kald"
"3063",3131,134,132,NA,"kald"
"3064",3132,134,128,NA,"kald"
"3065",3133,133,122,NA,"kald"
"3066",3134,134,121,NA,"kald"
"3067",3135,133,121,NA,"kald"
"3068",3136,134,122,NA,"kald"
"3069",3137,135,122,NA,"kald"
"3070",3138,136,113,NA,"kald"
"3071",3139,136,127,NA,"kald"
"3072",3140,137,123,NA,"kald"
"3073",3141,137,133,NA,"kald"
"3074",3142,135,123,NA,"kald"
"3075",3143,134,128,NA,"kald"
"3076",3144,134,125,NA,"kald"
"3077",3145,134,123,NA,"kald"
"3078",3146,133,124,NA,"kald"
"3079",3147,134,128,NA,"kald"
"3080",3148,133,127,NA,"kald"
"3081",3149,133,124,NA,"kald"
"3082",3150,133,127,NA,"kald"
"3083",3151,132,127,NA,"kald"
"3084",3152,132,126,NA,"kald"
"3085",3153,132,121,NA,"kald"
"3086",3154,132,127,NA,"kald"
"3087",3155,132,126,NA,"kald"
"3088",3156,132,124,NA,"kald"
"3089",3157,131,126,NA,"kald"
"3090",3158,131,125,NA,"kald"
"3091",3159,131,125,NA,"kald"
"3092",3160,131,125,NA,"kald"
"3093",3161,130,126,NA,"kald"
"3094",3162,130,121,NA,"kald"
"3095",3163,131,128,NA,"kald"
"3096",3164,132,126,NA,"kald"
"3097",3165,132,122,NA,"kald"
"3098",3166,133,126,NA,"kald"
"3099",3167,134,125,NA,"kald"
"3100",3168,134,125,NA,"kald"
"3101",3169,134,126,NA,"kald"
"3102",3170,134,125,NA,"kald"
"3103",3171,134,125,NA,"kald"
"3104",3172,134,124,NA,"kald"
"3105",3173,136,127,NA,"kald"
"3106",3174,137,125,NA,"kald"
"3107",3175,137,126,NA,"kald"
"3108",3176,137,125,NA,"kald"
"3109",3177,136,124,NA,"kald"
"3110",3178,136,127,NA,"kald"
"3111",3179,135,120,NA,"kald"
"3112",3180,135,124,NA,"kald"
"3113",3181,135,125,NA,"kald"
"3114",3182,135,124,NA,"kald"
"3115",3183,136,125,NA,"kald"
"3116",3184,136,125,NA,"kald"
"3117",3185,137,126,NA,"kald"
"3118",3186,137,127,NA,"kald"
"3119",3187,137,125,NA,"kald"
"3120",3188,137,126,NA,"kald"
"3121",3189,135,124,NA,"kald"
"3122",3190,136,101,NA,"kald"
"3123",3191,136,121,NA,"kald"
"3124",3192,136,124,NA,"kald"
"3125",3193,136,125,NA,"kald"
"3126",3194,136,125,NA,"kald"
"3127",3195,137,126,NA,"kald"
"3128",3196,138,126,NA,"kald"
"3129",3197,138,126,NA,"kald"
"3130",3198,139,127,NA,"kald"
"3131",3199,140,127,NA,"kald"
"3132",3200,140,120,NA,"kald"
"3133",3201,140,127,NA,"kald"
"3134",3202,140,121,NA,"kald"
"3135",3203,139,125,NA,"kald"
"3136",3204,139,125,NA,"kald"
"3137",3205,138,124,NA,"kald"
"3138",3206,138,124,NA,"kald"
"3139",3207,138,124,NA,"kald"
"3140",3208,138,130,NA,"kald"
"3141",3209,138,127,NA,"kald"
"3142",3210,139,127,NA,"kald"
"3143",3211,138,126,NA,"kald"
"3144",3212,139,113,NA,"kald"
"3145",3213,138,125,NA,"kald"
"3146",3214,138,124,NA,"kald"
"3147",3215,137,121,NA,"kald"
"3148",3216,137,125,NA,"kald"
"3149",3217,137,123,NA,"kald"
"3150",3218,137,125,NA,"kald"
"3151",3219,137,127,NA,"kald"
"3152",3220,138,128,NA,"kald"
"3153",3221,138,126,NA,"kald"
"3154",3222,139,125,NA,"kald"
"3155",3223,138,126,NA,"kald"
"3156",3224,138,126,NA,"kald"
"3157",3225,137,127,NA,"kald"
"3158",3226,136,127,NA,"kald"
"3159",3227,136,126,NA,"kald"
"3160",3228,136,124,NA,"kald"
"3161",3229,136,126,NA,"kald"
"3162",3230,136,126,NA,"kald"
"3163",3231,137,127,NA,"kald"
"3164",3232,137,131,NA,"kald"
"3165",3233,137,129,NA,"kald"
"3166",3234,137,126,NA,"kald"
"3167",3235,137,126,NA,"kald"
"3168",3236,137,125,NA,"kald"
"3169",3237,137,126,NA,"kald"
"3170",3238,137,124,NA,"kald"
"3171",3239,137,125,NA,"kald"
"3172",3240,137,126,NA,"kald"
"3173",3241,137,126,NA,"kald"
"3174",3242,137,124,NA,"kald"
"3175",3243,137,114,NA,"kald"
"3176",3244,137,133,NA,"kald"
"3177",3245,137,124,NA,"kald"
"3178",3246,138,119,NA,"kald"
"3179",3247,138,126,NA,"kald"
"3180",3248,138,125,NA,"kald"
"3181",3249,138,125,NA,"kald"
"3182",3250,138,126,NA,"kald"
"3183",3251,134,121,NA,"kald"
"3184",3252,133,125,NA,"kald"
"3185",3253,133,127,NA,"kald"
"3186",3254,133,124,NA,"kald"
"3187",3255,133,125,NA,"kald"
"3188",3256,133,121,NA,"kald"
"3189",3257,133,119,NA,"kald"
"3190",3258,134,120,NA,"kald"
"3191",3259,133,129,NA,"kald"
"3192",3260,133,127,NA,"kald"
"3193",3261,132,124,NA,"kald"
"3194",3262,132,125,NA,"kald"
"3195",3263,131,126,NA,"kald"
"3196",3264,131,121,NA,"kald"
"3197",3265,130,126,NA,"kald"
"3198",3266,130,124,NA,"kald"
"3199",3267,131,126,NA,"kald"
"3200",3268,132,127,NA,"kald"
"3201",3269,132,126,NA,"kald"
"3202",3270,132,124,NA,"kald"
"3203",3271,132,126,NA,"kald"
"3204",3272,132,126,NA,"kald"
"3205",3273,133,125,NA,"kald"
"3206",3274,133,121,NA,"kald"
"3207",3275,133,127,NA,"kald"
"3208",3276,133,125,NA,"kald"
"3209",3277,133,126,NA,"kald"
"3210",3278,134,124,NA,"kald"
"3211",3279,134,124,NA,"kald"
"3212",3280,135,125,NA,"kald"
"3213",3281,135,125,NA,"kald"
"3214",3282,135,125,NA,"kald"
"3215",3283,136,125,NA,"kald"
"3216",3284,137,124,NA,"kald"
"3217",3285,139,125,NA,"kald"
"3218",3286,139,125,NA,"kald"
"3219",3287,139,124,NA,"kald"
"3220",3288,138,124,NA,"kald"
"3221",3289,138,125,NA,"kald"
"3222",3290,135,125,NA,"kald"
"3223",3291,133,124,NA,"kald"
"3224",3292,133,124,NA,"kald"
"3225",3293,132,125,NA,"kald"
"3226",3294,132,126,NA,"kald"
"3227",3295,132,124,NA,"kald"
"3228",3296,131,125,NA,"kald"
"3229",3297,132,125,NA,"kald"
"3230",3298,132,125,NA,"kald"
"3231",3299,132,125,NA,"kald"
"3232",3300,132,125,NA,"kald"
"3233",3301,132,125,NA,"kald"
"3234",3302,131,125,NA,"kald"
"3235",3303,130,125,NA,"kald"
"3236",3304,130,124,NA,"kald"
"3237",3305,130,125,NA,"kald"
"3238",3306,129,125,NA,"kald"
"3239",3307,128,125,NA,"kald"
"3240",3308,128,124,NA,"kald"
"3241",3309,128,125,NA,"kald"
"3242",3310,129,113,NA,"kald"
"3243",3311,129,30,NA,"kald"
"3244",3312,129,10,NA,"kald"
"3245",3313,128,0,NA,"kald"
"3246",3314,127,5,NA,"kald"
"3247",3315,127,0,NA,"kald"
"3248",3316,127,5,NA,"kald"
"3249",3317,127,0,NA,"kald"
"3250",3318,127,7,NA,"kald"
"3251",3319,128,5,NA,"kald"
